tipo_capa,origen,destino,peso,peso_absoluto,importancia_%
Capa 1 - Entrada a Oculta 1,stock_actual,Neurona H1_1,-0.019874456638579303,0.019874456638579303,0.01306724686407883
Capa 1 - Entrada a Oculta 1,stock_actual,Neurona H1_2,-0.16910163191145702,0.16910163191145702,0.11118255001831116
Capa 1 - Entrada a Oculta 1,stock_actual,Neurona H1_3,-0.4349162283078713,0.4349162283078713,0.28595286018844723
Capa 1 - Entrada a Oculta 1,stock_actual,Neurona H1_4,-0.2687297241667685,0.2687297241667685,0.1766869761151867
Capa 1 - Entrada a Oculta 1,stock_actual,Neurona H1_5,0.26752270918123905,0.26752270918123905,0.17589337641727398
Capa 1 - Entrada a Oculta 1,stock_actual,Neurona H1_6,0.2518383612427147,0.2518383612427147,0.16558108209185515
Capa 1 - Entrada a Oculta 1,stock_actual,Neurona H1_7,0.24240946534709387,0.24240946534709387,0.15938168189871438
Capa 1 - Entrada a Oculta 1,stock_actual,Neurona H1_8,0.2872866996833172,0.2872866996833172,0.18888799295479689
Capa 1 - Entrada a Oculta 1,stock_actual,Neurona H1_9,-0.013759599331745621,0.013759599331745621,0.009046792296686753
Capa 1 - Entrada a Oculta 1,stock_actual,Neurona H1_10,-0.5695185550230676,0.5695185550230676,0.37445247875173465
Capa 1 - Entrada a Oculta 1,stock_actual,Neurona H1_11,-0.3846170596312342,0.3846170596312342,0.25288168415037154
Capa 1 - Entrada a Oculta 1,stock_actual,Neurona H1_12,0.6217834489694287,0.6217834489694287,0.4088160985448049
Capa 1 - Entrada a Oculta 1,stock_actual,Neurona H1_13,0.2582400411338718,0.2582400411338718,0.16979011950121897
Capa 1 - Entrada a Oculta 1,stock_actual,Neurona H1_14,-0.29009627919106373,0.29009627919106373,0.1907352620238146
Capa 1 - Entrada a Oculta 1,stock_actual,Neurona H1_15,0.111393657725856,0.111393657725856,0.0732401620364759
Capa 1 - Entrada a Oculta 1,stock_actual,Neurona H1_16,0.7447072038620323,0.7447072038620323,0.48963717857992634
Capa 1 - Entrada a Oculta 1,stock_minimo,Neurona H1_1,-0.20349386198353253,0.20349386198353253,0.1337950807018233
Capa 1 - Entrada a Oculta 1,stock_minimo,Neurona H1_2,-0.31035316143833114,0.31035316143833114,0.2040539497160252
Capa 1 - Entrada a Oculta 1,stock_minimo,Neurona H1_3,0.10267725881052006,0.10267725881052006,0.06750922113762448
Capa 1 - Entrada a Oculta 1,stock_minimo,Neurona H1_4,0.06379234370176926,0.06379234370176926,0.04194279714651718
Capa 1 - Entrada a Oculta 1,stock_minimo,Neurona H1_5,0.10010136761460685,0.10010136761460685,0.065815599683508
Capa 1 - Entrada a Oculta 1,stock_minimo,Neurona H1_6,0.14862481536595182,0.14862481536595182,0.097719257830933
Capa 1 - Entrada a Oculta 1,stock_minimo,Neurona H1_7,0.29913684051308137,0.29913684051308137,0.19667933630634513
Capa 1 - Entrada a Oculta 1,stock_minimo,Neurona H1_8,0.08635290997199016,0.08635290997199016,0.05677613293060735
Capa 1 - Entrada a Oculta 1,stock_minimo,Neurona H1_9,0.2001718598584065,0.2001718598584065,0.13161089913442628
Capa 1 - Entrada a Oculta 1,stock_minimo,Neurona H1_10,0.020385281659834192,0.020385281659834192,0.013403108959756388
Capa 1 - Entrada a Oculta 1,stock_minimo,Neurona H1_11,-0.0006545982910663299,0.0006545982910663299,0.0004303915131729266
Capa 1 - Entrada a Oculta 1,stock_minimo,Neurona H1_12,-0.4285822441152756,0.4285822441152756,0.2817883319911251
Capa 1 - Entrada a Oculta 1,stock_minimo,Neurona H1_13,-0.2742780781766161,0.2742780781766161,0.18033496070437258
Capa 1 - Entrada a Oculta 1,stock_minimo,Neurona H1_14,0.10996184432393341,0.10996184432393341,0.07229875973670685
Capa 1 - Entrada a Oculta 1,stock_minimo,Neurona H1_15,-0.40129628979712434,0.40129628979712434,0.2638481031093382
Capa 1 - Entrada a Oculta 1,stock_minimo,Neurona H1_16,-0.3383489926883932,0.3383489926883932,0.2224609152377656
Capa 1 - Entrada a Oculta 1,ratio_stock,Neurona H1_1,-0.22379973181941615,0.22379973181941615,0.14714597721993364
Capa 1 - Entrada a Oculta 1,ratio_stock,Neurona H1_2,0.016664639676943357,0.016664639676943357,0.01095682586545964
Capa 1 - Entrada a Oculta 1,ratio_stock,Neurona H1_3,-0.21487593279275194,0.21487593279275194,0.1412786729223917
Capa 1 - Entrada a Oculta 1,ratio_stock,Neurona H1_4,-0.41601319241142604,0.41601319241142604,0.27352431227736074
Capa 1 - Entrada a Oculta 1,ratio_stock,Neurona H1_5,0.00356538339545798,0.00356538339545798,0.0023442022008842915
Capa 1 - Entrada a Oculta 1,ratio_stock,Neurona H1_6,0.6233265411369358,0.6233265411369358,0.40983066546623204
Capa 1 - Entrada a Oculta 1,ratio_stock,Neurona H1_7,0.23264143077079233,0.23264143077079233,0.15295930157876042
Capa 1 - Entrada a Oculta 1,ratio_stock,Neurona H1_8,0.10401273091730878,0.10401273091730878,0.06838728004594324
Capa 1 - Entrada a Oculta 1,ratio_stock,Neurona H1_9,0.10628891482726371,0.10628891482726371,0.06988384710185402
Capa 1 - Entrada a Oculta 1,ratio_stock,Neurona H1_10,-0.724518570879012,0.724518570879012,0.47636336406339175
Capa 1 - Entrada a Oculta 1,ratio_stock,Neurona H1_11,-0.3735712532909651,0.3735712532909651,0.24561918229253854
Capa 1 - Entrada a Oculta 1,ratio_stock,Neurona H1_12,0.2568632816659488,0.2568632816659488,0.16888491458583602
Capa 1 - Entrada a Oculta 1,ratio_stock,Neurona H1_13,0.5718419165311123,0.5718419165311123,0.37598006458375105
Capa 1 - Entrada a Oculta 1,ratio_stock,Neurona H1_14,-0.14353157316478235,0.14353157316478235,0.09437050448428638
Capa 1 - Entrada a Oculta 1,ratio_stock,Neurona H1_15,0.15167538333363512,0.15167538333363512,0.09972497428569081
Capa 1 - Entrada a Oculta 1,ratio_stock,Neurona H1_16,0.8615600059560854,0.8615600059560854,0.5664666708015306
Capa 1 - Entrada a Oculta 1,dias_sin_movimiento,Neurona H1_1,0.03949260917964879,0.03949260917964879,0.02596597647129166
Capa 1 - Entrada a Oculta 1,dias_sin_movimiento,Neurona H1_2,0.09414963700752793,0.09414963700752793,0.061902399210886014
Capa 1 - Entrada a Oculta 1,dias_sin_movimiento,Neurona H1_3,-0.3274816758241264,0.3274816758241264,0.2153157683390128
Capa 1 - Entrada a Oculta 1,dias_sin_movimiento,Neurona H1_4,0.3321475909763495,0.3321475909763495,0.21838355863133163
Capa 1 - Entrada a Oculta 1,dias_sin_movimiento,Neurona H1_5,0.01813006074686858,0.01813006074686858,0.011920324854577375
Capa 1 - Entrada a Oculta 1,dias_sin_movimiento,Neurona H1_6,-0.03380274179330699,0.03380274179330699,0.022224948320772413
Capa 1 - Entrada a Oculta 1,dias_sin_movimiento,Neurona H1_7,-0.13538438686378662,0.13538438686378662,0.08901381491139537
Capa 1 - Entrada a Oculta 1,dias_sin_movimiento,Neurona H1_8,-0.24910848338683958,0.24910848338683958,0.16378621602330276
Capa 1 - Entrada a Oculta 1,dias_sin_movimiento,Neurona H1_9,-0.10267812920049381,0.10267812920049381,0.06750979340990652
Capa 1 - Entrada a Oculta 1,dias_sin_movimiento,Neurona H1_10,0.21513549594295045,0.21513549594295045,0.14144933297223064
Capa 1 - Entrada a Oculta 1,dias_sin_movimiento,Neurona H1_11,0.33275287070078596,0.33275287070078596,0.21878152370403103
Capa 1 - Entrada a Oculta 1,dias_sin_movimiento,Neurona H1_12,-0.04144352856143818,0.04144352856143818,0.027248685510203048
Capa 1 - Entrada a Oculta 1,dias_sin_movimiento,Neurona H1_13,0.12962860102863988,0.12962860102863988,0.08522944607191564
Capa 1 - Entrada a Oculta 1,dias_sin_movimiento,Neurona H1_14,0.02625892412665466,0.02625892412665466,0.017264967298881606
Capa 1 - Entrada a Oculta 1,dias_sin_movimiento,Neurona H1_15,0.02924390679434857,0.02924390679434857,0.019227562106532214
Capa 1 - Entrada a Oculta 1,dias_sin_movimiento,Neurona H1_16,0.10744606735924148,0.10744606735924148,0.07064466275934454
Capa 1 - Entrada a Oculta 1,valor_unitario,Neurona H1_1,0.3774659821376612,0.3774659821376612,0.2481799256745556
Capa 1 - Entrada a Oculta 1,valor_unitario,Neurona H1_2,-0.38743122234896354,0.38743122234896354,0.2547319666318998
Capa 1 - Entrada a Oculta 1,valor_unitario,Neurona H1_3,0.321483632323364,0.321483632323364,0.21137211762436622
Capa 1 - Entrada a Oculta 1,valor_unitario,Neurona H1_4,-0.13746387232459964,0.13746387232459964,0.09038105479930049
Capa 1 - Entrada a Oculta 1,valor_unitario,Neurona H1_5,-0.28122871344407896,0.28122871344407896,0.18490493051807824
Capa 1 - Entrada a Oculta 1,valor_unitario,Neurona H1_6,-0.0921743463118103,0.0921743463118103,0.06060366628859036
Capa 1 - Entrada a Oculta 1,valor_unitario,Neurona H1_7,-0.26588605853981706,0.26588605853981706,0.1748172957801712
Capa 1 - Entrada a Oculta 1,valor_unitario,Neurona H1_8,0.3406815757213083,0.3406815757213083,0.22399456412570024
Capa 1 - Entrada a Oculta 1,valor_unitario,Neurona H1_9,0.12156727933118666,0.12156727933118666,0.07992921157559756
Capa 1 - Entrada a Oculta 1,valor_unitario,Neurona H1_10,0.41977549257241054,0.41977549257241054,0.2759979851869846
Capa 1 - Entrada a Oculta 1,valor_unitario,Neurona H1_11,-0.30193526679352795,0.30193526679352795,0.19851927224535026
Capa 1 - Entrada a Oculta 1,valor_unitario,Neurona H1_12,-0.24008782762111872,0.24008782762111872,0.1578552294353355
Capa 1 - Entrada a Oculta 1,valor_unitario,Neurona H1_13,-0.0627145401298364,0.0627145401298364,0.04123415259831385
Capa 1 - Entrada a Oculta 1,valor_unitario,Neurona H1_14,-0.33031924197822077,0.33031924197822077,0.21718143833457534
Capa 1 - Entrada a Oculta 1,valor_unitario,Neurona H1_15,-0.32087789286351215,0.32087789286351215,0.21097385028045137
Capa 1 - Entrada a Oculta 1,valor_unitario,Neurona H1_16,-0.26213656088155973,0.26213656088155973,0.1723520403818613
Capa 1 - Entrada a Oculta 1,valor_total_inventario,Neurona H1_1,-0.29358337369012577,0.29358337369012577,0.19302799009614657
Capa 1 - Entrada a Oculta 1,valor_total_inventario,Neurona H1_2,0.1811060075110439,0.1811060075110439,0.1190753011139275
Capa 1 - Entrada a Oculta 1,valor_total_inventario,Neurona H1_3,-0.05891332084852698,0.05891332084852698,0.03873489077512787
Capa 1 - Entrada a Oculta 1,valor_total_inventario,Neurona H1_4,-0.33174352774427274,0.33174352774427274,0.21811789129268372
Capa 1 - Entrada a Oculta 1,valor_total_inventario,Neurona H1_5,0.48790001331403127,0.48790001331403127,0.3207891433160479
Capa 1 - Entrada a Oculta 1,valor_total_inventario,Neurona H1_6,0.4913856650230981,0.4913856650230981,0.32308092276908507
Capa 1 - Entrada a Oculta 1,valor_total_inventario,Neurona H1_7,-0.21121636085859705,0.21121636085859705,0.13887254274484362
Capa 1 - Entrada a Oculta 1,valor_total_inventario,Neurona H1_8,-0.26799492885644,0.26799492885644,0.1762038559026828
Capa 1 - Entrada a Oculta 1,valor_total_inventario,Neurona H1_9,-0.13389143768793765,0.13389143768793765,0.08803221648125403
Capa 1 - Entrada a Oculta 1,valor_total_inventario,Neurona H1_10,-0.3593303849883411,0.3593303849883411,0.23625596069341334
Capa 1 - Entrada a Oculta 1,valor_total_inventario,Neurona H1_11,0.07356843929132559,0.07356843929132559,0.04837047749816963
Capa 1 - Entrada a Oculta 1,valor_total_inventario,Neurona H1_12,0.5916920287612063,0.5916920287612063,0.38903130525449225
Capa 1 - Entrada a Oculta 1,valor_total_inventario,Neurona H1_13,0.07310846112232418,0.07310846112232418,0.04806804667473968
Capa 1 - Entrada a Oculta 1,valor_total_inventario,Neurona H1_14,0.33601572302513416,0.33601572302513416,0.2209268148975788
Capa 1 - Entrada a Oculta 1,valor_total_inventario,Neurona H1_15,0.31316056640133627,0.31316056640133627,0.20589978904467465
Capa 1 - Entrada a Oculta 1,valor_total_inventario,Neurona H1_16,0.32641747364582896,0.32641747364582896,0.21461606656451954
Capa 1 - Entrada a Oculta 1,margen_ganancia,Neurona H1_1,-0.3570950240168736,0.3570950240168736,0.23478623429154574
Capa 1 - Entrada a Oculta 1,margen_ganancia,Neurona H1_2,-0.07367330447645391,0.07367330447645391,0.04843942525792167
Capa 1 - Entrada a Oculta 1,margen_ganancia,Neurona H1_3,-0.2623620547541022,0.2623620547541022,0.17250030023884422
Capa 1 - Entrada a Oculta 1,margen_ganancia,Neurona H1_4,-0.1713791486133061,0.1713791486133061,0.11267999337091857
Capa 1 - Entrada a Oculta 1,margen_ganancia,Neurona H1_5,0.07834249805088704,0.07834249805088704,0.051509371078470645
Capa 1 - Entrada a Oculta 1,margen_ganancia,Neurona H1_6,0.24484254110352974,0.24484254110352974,0.16098140369873767
Capa 1 - Entrada a Oculta 1,margen_ganancia,Neurona H1_7,-0.4006968147751367,0.4006968147751367,0.2634539545676389
Capa 1 - Entrada a Oculta 1,margen_ganancia,Neurona H1_8,-0.2887663488394774,0.2887663488394774,0.18986084676143827
Capa 1 - Entrada a Oculta 1,margen_ganancia,Neurona H1_9,-0.1270653051678496,0.1270653051678496,0.08354410591858542
Capa 1 - Entrada a Oculta 1,margen_ganancia,Neurona H1_10,0.030644747831245437,0.030644747831245437,0.02014860040102981
Capa 1 - Entrada a Oculta 1,margen_ganancia,Neurona H1_11,0.24461110077392337,0.24461110077392337,0.16082923410858144
Capa 1 - Entrada a Oculta 1,margen_ganancia,Neurona H1_12,0.18558698874178006,0.18558698874178006,0.12202149929182741
Capa 1 - Entrada a Oculta 1,margen_ganancia,Neurona H1_13,0.33896903944374573,0.33896903944374573,0.2228685894784658
Capa 1 - Entrada a Oculta 1,margen_ganancia,Neurona H1_14,-0.062496814956624853,0.062496814956624853,0.04109100057968926
Capa 1 - Entrada a Oculta 1,margen_ganancia,Neurona H1_15,-0.09324879037409695,0.09324879037409695,0.06131010199442443
Capa 1 - Entrada a Oculta 1,margen_ganancia,Neurona H1_16,0.03749265211505204,0.03749265211505204,0.024651025670075075
Capa 1 - Entrada a Oculta 1,region_natural,Neurona H1_1,-0.1517249217561853,0.1517249217561853,0.09975754527912688
Capa 1 - Entrada a Oculta 1,region_natural,Neurona H1_2,0.3442055625915715,0.3442055625915715,0.2263115485452951
Capa 1 - Entrada a Oculta 1,region_natural,Neurona H1_3,0.02571571528731645,0.02571571528731645,0.01690781318234574
Capa 1 - Entrada a Oculta 1,region_natural,Neurona H1_4,0.28985844394182836,0.28985844394182836,0.1905788878410505
Capa 1 - Entrada a Oculta 1,region_natural,Neurona H1_5,0.14956431802048817,0.14956431802048817,0.09833697097597835
Capa 1 - Entrada a Oculta 1,region_natural,Neurona H1_6,0.15164651089771494,0.15164651089771494,0.09970599096178934
Capa 1 - Entrada a Oculta 1,region_natural,Neurona H1_7,-0.4036804494064006,0.4036804494064006,0.26541566305547043
Capa 1 - Entrada a Oculta 1,region_natural,Neurona H1_8,0.4272768660455234,0.4272768660455234,0.28093005959663375
Capa 1 - Entrada a Oculta 1,region_natural,Neurona H1_9,0.4667529919902754,0.4667529919902754,0.3068851985138009
Capa 1 - Entrada a Oculta 1,region_natural,Neurona H1_10,-0.03642751476047377,0.03642751476047377,0.02395070902698213
Capa 1 - Entrada a Oculta 1,region_natural,Neurona H1_11,-0.0748548395527892,0.0748548395527892,0.049216272182685955
Capa 1 - Entrada a Oculta 1,region_natural,Neurona H1_12,-0.06393311559558705,0.06393311559558705,0.04203535319076496
Capa 1 - Entrada a Oculta 1,region_natural,Neurona H1_13,-0.017756430753173402,0.017756430753173402,0.011674667051084936
Capa 1 - Entrada a Oculta 1,region_natural,Neurona H1_14,0.546905417304691,0.546905417304691,0.35958457779167285
Capa 1 - Entrada a Oculta 1,region_natural,Neurona H1_15,-0.4152515966985876,0.4152515966985876,0.2730235710811981
Capa 1 - Entrada a Oculta 1,region_natural,Neurona H1_16,-0.09522805993901383,0.09522805993901383,0.06261145098150173
Capa 1 - Entrada a Oculta 1,tipo_sucursal,Neurona H1_1,0.26919440989471893,0.26919440989471893,0.17699250210926876
Capa 1 - Entrada a Oculta 1,tipo_sucursal,Neurona H1_2,-0.03723218016662212,0.03723218016662212,0.02447976809492737
Capa 1 - Entrada a Oculta 1,tipo_sucursal,Neurona H1_3,0.1477223294814995,0.1477223294814995,0.09712588282411179
Capa 1 - Entrada a Oculta 1,tipo_sucursal,Neurona H1_4,-0.06408084393959211,0.06408084393959211,0.04213248302807525
Capa 1 - Entrada a Oculta 1,tipo_sucursal,Neurona H1_5,0.28390841009049583,0.28390841009049583,0.18666680296754193
Capa 1 - Entrada a Oculta 1,tipo_sucursal,Neurona H1_6,0.4138970676015508,0.4138970676015508,0.2721329824015962
Capa 1 - Entrada a Oculta 1,tipo_sucursal,Neurona H1_7,0.3554782757549606,0.3554782757549606,0.23372323926030156
Capa 1 - Entrada a Oculta 1,tipo_sucursal,Neurona H1_8,-0.22474049837450383,0.22474049837450383,0.14776452136633997
Capa 1 - Entrada a Oculta 1,tipo_sucursal,Neurona H1_9,-0.0695868021023311,0.0695868021023311,0.045752592792290846
Capa 1 - Entrada a Oculta 1,tipo_sucursal,Neurona H1_10,-0.10018520991842177,0.10018520991842177,0.06587072511921305
Capa 1 - Entrada a Oculta 1,tipo_sucursal,Neurona H1_11,-0.07341079135003283,0.07341079135003283,0.04826682562964571
Capa 1 - Entrada a Oculta 1,tipo_sucursal,Neurona H1_12,0.02732882151139761,0.02732882151139761,0.0179684136119008
Capa 1 - Entrada a Oculta 1,tipo_sucursal,Neurona H1_13,-0.4587370159275982,0.4587370159275982,0.30161477829691713
Capa 1 - Entrada a Oculta 1,tipo_sucursal,Neurona H1_14,-0.16359617941006205,0.16359617941006205,0.1075627727211276
Capa 1 - Entrada a Oculta 1,tipo_sucursal,Neurona H1_15,0.5528759862679808,0.5528759862679808,0.36351016428599087
Capa 1 - Entrada a Oculta 1,tipo_sucursal,Neurona H1_16,-0.04553457225432403,0.04553457225432403,0.029938503845306646
Capa 1 - Entrada a Oculta 1,categoria_producto,Neurona H1_1,-0.09046210178888424,0.09046210178888424,0.05947788346697048
Capa 1 - Entrada a Oculta 1,categoria_producto,Neurona H1_2,0.2350359737374935,0.2350359737374935,0.15453368847353413
Capa 1 - Entrada a Oculta 1,categoria_producto,Neurona H1_3,0.22325056062716672,0.22325056062716672,0.14678490291887156
Capa 1 - Entrada a Oculta 1,categoria_producto,Neurona H1_4,-0.4518599429901194,0.4518599429901194,0.29709317494390414
Capa 1 - Entrada a Oculta 1,categoria_producto,Neurona H1_5,0.35984866944459737,0.35984866944459737,0.2365967272893951
Capa 1 - Entrada a Oculta 1,categoria_producto,Neurona H1_6,0.418472159816553,0.418472159816553,0.2751410575649348
Capa 1 - Entrada a Oculta 1,categoria_producto,Neurona H1_7,-0.22760650850546482,0.22760650850546482,0.1496488929784685
Capa 1 - Entrada a Oculta 1,categoria_producto,Neurona H1_8,0.3851152228435869,0.3851152228435869,0.25320922123944994
Capa 1 - Entrada a Oculta 1,categoria_producto,Neurona H1_9,-0.010172188814333015,0.010172188814333015,0.006688107494062924
Capa 1 - Entrada a Oculta 1,categoria_producto,Neurona H1_10,-0.23189384804039515,0.23189384804039515,0.1524677737716324
Capa 1 - Entrada a Oculta 1,categoria_producto,Neurona H1_11,0.11005182605702399,0.11005182605702399,0.07235792178279117
Capa 1 - Entrada a Oculta 1,categoria_producto,Neurona H1_12,-0.23148605334861874,0.23148605334861874,0.15219965303735483
Capa 1 - Entrada a Oculta 1,categoria_producto,Neurona H1_13,0.20811741091905536,0.20811741091905536,0.1368350156508547
Capa 1 - Entrada a Oculta 1,categoria_producto,Neurona H1_14,0.4889446740813099,0.4889446740813099,0.32147599681768024
Capa 1 - Entrada a Oculta 1,categoria_producto,Neurona H1_15,0.4280479429164364,0.4280479429164364,0.2814370345548242
Capa 1 - Entrada a Oculta 1,categoria_producto,Neurona H1_16,0.11855042764958444,0.11855042764958444,0.07794566322543618
Capa 1 - Entrada a Oculta 1,origen_producto,Neurona H1_1,0.098282778950882,0.098282778950882,0.06461989670428903
Capa 1 - Entrada a Oculta 1,origen_producto,Neurona H1_2,0.15701343987825556,0.15701343987825556,0.10323469049637528
Capa 1 - Entrada a Oculta 1,origen_producto,Neurona H1_3,0.037952624152204344,0.037952624152204344,0.024953452461878526
Capa 1 - Entrada a Oculta 1,origen_producto,Neurona H1_4,-0.41452934184688767,0.41452934184688767,0.27254869608876076
Capa 1 - Entrada a Oculta 1,origen_producto,Neurona H1_5,0.1945063810729359,0.1945063810729359,0.1278859062332751
Capa 1 - Entrada a Oculta 1,origen_producto,Neurona H1_6,0.07291447707815855,0.07291447707815855,0.04794050419954647
Capa 1 - Entrada a Oculta 1,origen_producto,Neurona H1_7,0.13163607089355778,0.13163607089355778,0.08654933646057465
Capa 1 - Entrada a Oculta 1,origen_producto,Neurona H1_8,0.2850573778205619,0.2850573778205619,0.18742223720358991
Capa 1 - Entrada a Oculta 1,origen_producto,Neurona H1_9,0.45922546828826033,0.45922546828826033,0.30193593060282337
Capa 1 - Entrada a Oculta 1,origen_producto,Neurona H1_10,0.12398236737576142,0.12398236737576142,0.08151710664366617
Capa 1 - Entrada a Oculta 1,origen_producto,Neurona H1_11,0.10598577515569009,0.10598577515569009,0.06968453594609347
Capa 1 - Entrada a Oculta 1,origen_producto,Neurona H1_12,-0.025348518526634334,0.025348518526634334,0.016666385162109495
Capa 1 - Entrada a Oculta 1,origen_producto,Neurona H1_13,0.18865275925943245,0.18865275925943245,0.12403721126379719
Capa 1 - Entrada a Oculta 1,origen_producto,Neurona H1_14,0.17921961177455814,0.17921961177455814,0.11783501569529843
Capa 1 - Entrada a Oculta 1,origen_producto,Neurona H1_15,0.15470398848522718,0.15470398848522718,0.10171625041914005
Capa 1 - Entrada a Oculta 1,origen_producto,Neurona H1_16,0.020380386466440113,0.020380386466440113,0.01339989042142394
Capa 1 - Entrada a Oculta 1,clase,Neurona H1_1,-0.525156122776817,0.525156122776817,0.3452846446723137
Capa 1 - Entrada a Oculta 1,clase,Neurona H1_2,-0.2620636994199434,0.2620636994199434,0.17230413473477205
Capa 1 - Entrada a Oculta 1,clase,Neurona H1_3,-0.3942055543532655,0.3942055543532655,0.25918601889854687
Capa 1 - Entrada a Oculta 1,clase,Neurona H1_4,-0.2317505298544321,0.2317505298544321,0.15237354356699595
Capa 1 - Entrada a Oculta 1,clase,Neurona H1_5,0.15977873268773285,0.15977873268773285,0.10505284152560938
Capa 1 - Entrada a Oculta 1,clase,Neurona H1_6,-0.022304535338183787,0.022304535338183787,0.014664998130658432
Capa 1 - Entrada a Oculta 1,clase,Neurona H1_7,-0.8413736209049374,0.8413736209049374,0.5531943342766334
Capa 1 - Entrada a Oculta 1,clase,Neurona H1_8,0.48427216081364155,0.48427216081364155,0.3184038683336347
Capa 1 - Entrada a Oculta 1,clase,Neurona H1_9,-0.38170094185980297,0.38170094185980297,0.25096436728999255
Capa 1 - Entrada a Oculta 1,clase,Neurona H1_10,-0.13943140074936344,0.13943140074936344,0.09167468410982833
Capa 1 - Entrada a Oculta 1,clase,Neurona H1_11,-0.9085879766343598,0.9085879766343598,0.597387068452895
Capa 1 - Entrada a Oculta 1,clase,Neurona H1_12,0.4732935995802775,0.4732935995802775,0.31118557942855357
Capa 1 - Entrada a Oculta 1,clase,Neurona H1_13,0.4683566842294229,0.4683566842294229,0.30793960934696396
Capa 1 - Entrada a Oculta 1,clase,Neurona H1_14,0.038223944657317085,0.038223944657317085,0.025131842849302383
Capa 1 - Entrada a Oculta 1,clase,Neurona H1_15,-0.2672381366292206,0.2672381366292206,0.17570627294795207
Capa 1 - Entrada a Oculta 1,clase,Neurona H1_16,0.48210678628891124,0.48210678628891124,0.31698015728671675
Capa 1 - Entrada a Oculta 1,origen_REAL,Neurona H1_1,-0.11797380659934126,0.11797380659934126,0.07756654093054406
Capa 1 - Entrada a Oculta 1,origen_REAL,Neurona H1_2,0.23680685713165425,0.23680685713165425,0.15569802573818556
Capa 1 - Entrada a Oculta 1,origen_REAL,Neurona H1_3,-0.2618664952192721,0.2618664952192721,0.1721744750404384
Capa 1 - Entrada a Oculta 1,origen_REAL,Neurona H1_4,0.24014405105431275,0.24014405105431275,0.1578921957531802
Capa 1 - Entrada a Oculta 1,origen_REAL,Neurona H1_5,-0.539732384053502,0.539732384053502,0.3548683836354218
Capa 1 - Entrada a Oculta 1,origen_REAL,Neurona H1_6,0.48959353527970106,0.48959353527970106,0.3219026162525704
Capa 1 - Entrada a Oculta 1,origen_REAL,Neurona H1_7,-0.11750009143738206,0.11750009143738206,0.07725507817827128
Capa 1 - Entrada a Oculta 1,origen_REAL,Neurona H1_8,-0.5023917583277082,0.5023917583277082,0.3303173137223477
Capa 1 - Entrada a Oculta 1,origen_REAL,Neurona H1_9,0.058215978330868334,0.058215978330868334,0.03827639538112674
Capa 1 - Entrada a Oculta 1,origen_REAL,Neurona H1_10,-0.404772136517094,0.404772136517094,0.2661334358848454
Capa 1 - Entrada a Oculta 1,origen_REAL,Neurona H1_11,0.023601168488440332,0.023601168488440332,0.015517520832268338
Capa 1 - Entrada a Oculta 1,origen_REAL,Neurona H1_12,0.3671729769219678,0.3671729769219678,0.24141238266331025
Capa 1 - Entrada a Oculta 1,origen_REAL,Neurona H1_13,0.13087864825212342,0.13087864825212342,0.08605133901510724
Capa 1 - Entrada a Oculta 1,origen_REAL,Neurona H1_14,0.09730865919854739,0.09730865919854739,0.06397942318038786
Capa 1 - Entrada a Oculta 1,origen_REAL,Neurona H1_15,-0.3738926992331163,0.3738926992331163,0.24583052962926988
Capa 1 - Entrada a Oculta 1,origen_REAL,Neurona H1_16,0.5239495232572409,0.5239495232572409,0.34449131813890926
Capa 1 - Entrada a Oculta 1,origen_SINTETICO,Neurona H1_1,0.15388792808073984,0.15388792808073984,0.10117969925925895
Capa 1 - Entrada a Oculta 1,origen_SINTETICO,Neurona H1_2,-0.48949626280628994,0.48949626280628994,0.3218386606211658
Capa 1 - Entrada a Oculta 1,origen_SINTETICO,Neurona H1_3,0.10231972120161006,0.10231972120161006,0.06727414390840603
Capa 1 - Entrada a Oculta 1,origen_SINTETICO,Neurona H1_4,-0.10185219800243935,0.10185219800243935,0.0669667523067464
Capa 1 - Entrada a Oculta 1,origen_SINTETICO,Neurona H1_5,0.05501768579075674,0.05501768579075674,0.03617355156883083
Capa 1 - Entrada a Oculta 1,origen_SINTETICO,Neurona H1_6,-0.012898654519491345,0.012898654519491345,0.008480730109294102
Capa 1 - Entrada a Oculta 1,origen_SINTETICO,Neurona H1_7,0.014179161372561925,0.014179161372561925,0.009322649939582057
Capa 1 - Entrada a Oculta 1,origen_SINTETICO,Neurona H1_8,0.14711245339093004,0.14711245339093004,0.09672489568887105
Capa 1 - Entrada a Oculta 1,origen_SINTETICO,Neurona H1_9,-0.3048379435186053,0.3048379435186053,0.20042775175867564
Capa 1 - Entrada a Oculta 1,origen_SINTETICO,Neurona H1_10,-0.14252688472078276,0.14252688472078276,0.0937099323661161
Capa 1 - Entrada a Oculta 1,origen_SINTETICO,Neurona H1_11,0.4226209988273133,0.4226209988273133,0.2778688757155799
Capa 1 - Entrada a Oculta 1,origen_SINTETICO,Neurona H1_12,-0.2035037498127755,0.2035037498127755,0.13380158184588062
Capa 1 - Entrada a Oculta 1,origen_SINTETICO,Neurona H1_13,0.0360984164389469,0.0360984164389469,0.02373433033104345
Capa 1 - Entrada a Oculta 1,origen_SINTETICO,Neurona H1_14,0.40607629957206703,0.40607629957206703,0.26699090941985837
Capa 1 - Entrada a Oculta 1,origen_SINTETICO,Neurona H1_15,-0.2171059353557528,0.2171059353557528,0.14274487622687326
Capa 1 - Entrada a Oculta 1,origen_SINTETICO,Neurona H1_16,0.027606694294098184,0.027606694294098184,0.018151112053140624
Capa 1 - Entrada a Oculta 1,bias_w0,Neurona H1_1,-0.049228935825186844,0.049228935825186844,0.03236750915921369
Capa 1 - Entrada a Oculta 1,bias_w0,Neurona H1_2,-0.012682831185579769,0.012682831185579769,0.008338828530069207
Capa 1 - Entrada a Oculta 1,bias_w0,Neurona H1_3,-0.01927982796588378,0.01927982796588378,0.012676284746227071
Capa 1 - Entrada a Oculta 1,bias_w0,Neurona H1_4,-0.06386007620822982,0.06386007620822982,0.04198733055936656
Capa 1 - Entrada a Oculta 1,bias_w0,Neurona H1_5,-0.024772035008292864,0.024772035008292864,0.016287353293000788
Capa 1 - Entrada a Oculta 1,bias_w0,Neurona H1_6,0.11806941970819301,0.11806941970819301,0.0776294055471486
Capa 1 - Entrada a Oculta 1,bias_w0,Neurona H1_7,0.08388932304265405,0.08388932304265405,0.05515635035429968
Capa 1 - Entrada a Oculta 1,bias_w0,Neurona H1_8,-0.050993176395313644,0.050993176395313644,0.03352747883671014
Capa 1 - Entrada a Oculta 1,bias_w0,Neurona H1_9,0.18323857923956433,0.18323857923956433,0.1204774446662618
Capa 1 - Entrada a Oculta 1,bias_w0,Neurona H1_10,-0.12461391112195785,0.12461391112195785,0.08193234003530489
Capa 1 - Entrada a Oculta 1,bias_w0,Neurona H1_11,-0.00793902218154651,0.00793902218154651,0.005219823846871302
Capa 1 - Entrada a Oculta 1,bias_w0,Neurona H1_12,0.1352866254344709,0.1352866254344709,0.08894953779661006
Capa 1 - Entrada a Oculta 1,bias_w0,Neurona H1_13,0.14129410574955178,0.14129410574955178,0.0928993931177298
Capa 1 - Entrada a Oculta 1,bias_w0,Neurona H1_14,0.005075924480664711,0.005075924480664711,0.0033373671269841722
Capa 1 - Entrada a Oculta 1,bias_w0,Neurona H1_15,0.10348989789226794,0.10348989789226794,0.06804352281367558
Capa 1 - Entrada a Oculta 1,bias_w0,Neurona H1_16,0.23615315541280257,0.23615315541280257,0.15526822371184354
Capa 2 - Oculta 1 a Oculta 2,Neurona H1_1,Neurona H2_1,0.5825765429965434,0.5825765429965434,0.3830379689364755
Capa 2 - Oculta 1 a Oculta 2,Neurona H1_1,Neurona H2_2,0.19179980848558936,0.19179980848558936,0.1261063631344337
Capa 2 - Oculta 1 a Oculta 2,Neurona H1_1,Neurona H2_3,-0.6418398113123894,0.6418398113123894,0.4220029465023054
Capa 2 - Oculta 1 a Oculta 2,Neurona H1_1,Neurona H2_4,0.020343665761403496,0.020343665761403496,0.013375746942864378
Capa 2 - Oculta 1 a Oculta 2,Neurona H1_1,Neurona H2_5,-0.2868418076237865,0.2868418076237865,0.18859548109017207
Capa 2 - Oculta 1 a Oculta 2,Neurona H1_1,Neurona H2_6,-0.025517224710603435,0.025517224710603435,0.016777307709251822
Capa 2 - Oculta 1 a Oculta 2,Neurona H1_1,Neurona H2_7,-0.6130069064227306,0.6130069064227306,0.4030456138389149
Capa 2 - Oculta 1 a Oculta 2,Neurona H1_1,Neurona H2_8,-0.6587893007111528,0.6587893007111528,0.43314705807332543
Capa 2 - Oculta 1 a Oculta 2,Neurona H1_1,Neurona H2_9,-0.06583370032670059,0.06583370032670059,0.0432849677245958
Capa 2 - Oculta 1 a Oculta 2,Neurona H1_1,Neurona H2_10,0.17246825799639107,0.17246825799639107,0.11339607137141747
Capa 2 - Oculta 1 a Oculta 2,Neurona H1_2,Neurona H2_1,0.34174263732295435,0.34174263732295435,0.2246922010039729
Capa 2 - Oculta 1 a Oculta 2,Neurona H1_2,Neurona H2_2,-0.6382412525815916,0.6382412525815916,0.4196369318662654
Capa 2 - Oculta 1 a Oculta 2,Neurona H1_2,Neurona H2_3,0.0760870211469993,0.0760870211469993,0.0500264186619443
Capa 2 - Oculta 1 a Oculta 2,Neurona H1_2,Neurona H2_4,0.3345796192431798,0.3345796192431798,0.21998259171792178
Capa 2 - Oculta 1 a Oculta 2,Neurona H1_2,Neurona H2_5,0.15885987286705905,0.15885987286705905,0.10444870082739677
Capa 2 - Oculta 1 a Oculta 2,Neurona H1_2,Neurona H2_6,-0.05030154275713452,0.05030154275713452,0.03307273697111146
Capa 2 - Oculta 1 a Oculta 2,Neurona H1_2,Neurona H2_7,-0.4103870118830789,0.4103870118830789,0.2698251575682416
Capa 2 - Oculta 1 a Oculta 2,Neurona H1_2,Neurona H2_8,0.26740748865264713,0.26740748865264713,0.17581762012776628
Capa 2 - Oculta 1 a Oculta 2,Neurona H1_2,Neurona H2_9,0.15857003023935787,0.15857003023935787,0.10425813233856812
Capa 2 - Oculta 1 a Oculta 2,Neurona H1_2,Neurona H2_10,-0.012039541490420611,0.012039541490420611,0.007915872300139109
Capa 2 - Oculta 1 a Oculta 2,Neurona H1_3,Neurona H2_1,-0.1788647729118825,0.1788647729118825,0.1176017128634338
Capa 2 - Oculta 1 a Oculta 2,Neurona H1_3,Neurona H2_2,0.3828311584713447,0.3828311584713447,0.2517074728622088
Capa 2 - Oculta 1 a Oculta 2,Neurona H1_3,Neurona H2_3,-0.021433809324660245,0.021433809324660245,0.01409250490598325
Capa 2 - Oculta 1 a Oculta 2,Neurona H1_3,Neurona H2_4,-0.17934464800711059,0.17934464800711059,0.11791722570724643
Capa 2 - Oculta 1 a Oculta 2,Neurona H1_3,Neurona H2_5,0.21698489917318,0.21698489917318,0.14266529620584797
Capa 2 - Oculta 1 a Oculta 2,Neurona H1_3,Neurona H2_6,0.5983002341113028,0.5983002341113028,0.3933761309877713
Capa 2 - Oculta 1 a Oculta 2,Neurona H1_3,Neurona H2_7,-0.43996219924157287,0.43996219924157287,0.2892705331723542
Capa 2 - Oculta 1 a Oculta 2,Neurona H1_3,Neurona H2_8,-0.2819317312635837,0.2819317312635837,0.18536715736353987
Capa 2 - Oculta 1 a Oculta 2,Neurona H1_3,Neurona H2_9,0.3876012477450489,0.3876012477450489,0.25484375654717717
Capa 2 - Oculta 1 a Oculta 2,Neurona H1_3,Neurona H2_10,-0.17192210165825433,0.17192210165825433,0.11303697930532491
Capa 2 - Oculta 1 a Oculta 2,Neurona H1_4,Neurona H2_1,0.16238033716903194,0.16238033716903194,0.10676336919527349
Capa 2 - Oculta 1 a Oculta 2,Neurona H1_4,Neurona H2_2,0.7001251447218866,0.7001251447218866,0.46032494212047015
Capa 2 - Oculta 1 a Oculta 2,Neurona H1_4,Neurona H2_3,-0.15266801706422545,0.15266801706422545,0.1003776205561834
Capa 2 - Oculta 1 a Oculta 2,Neurona H1_4,Neurona H2_4,0.6781920331228741,0.6781920331228741,0.4459041512040864
Capa 2 - Oculta 1 a Oculta 2,Neurona H1_4,Neurona H2_5,-0.7929321817708083,0.7929321817708083,0.5213445959352
Capa 2 - Oculta 1 a Oculta 2,Neurona H1_4,Neurona H2_6,0.07801348514202462,0.07801348514202462,0.05129304854046333
Capa 2 - Oculta 1 a Oculta 2,Neurona H1_4,Neurona H2_7,0.12257885959233181,0.12257885959233181,0.08059431499128307
Capa 2 - Oculta 1 a Oculta 2,Neurona H1_4,Neurona H2_8,-1.0540738763774276,1.0540738763774276,0.6930425221720659
Capa 2 - Oculta 1 a Oculta 2,Neurona H1_4,Neurona H2_9,0.9331571077331607,0.9331571077331607,0.6135410145527719
Capa 2 - Oculta 1 a Oculta 2,Neurona H1_4,Neurona H2_10,-0.8575507165590375,0.8575507165590375,0.5638306050587791
Capa 2 - Oculta 1 a Oculta 2,Neurona H1_5,Neurona H2_1,-0.30054461889384537,0.30054461889384537,0.19760493583170008
Capa 2 - Oculta 1 a Oculta 2,Neurona H1_5,Neurona H2_2,-0.3612057519995108,0.3612057519995108,0.23748899484077893
Capa 2 - Oculta 1 a Oculta 2,Neurona H1_5,Neurona H2_3,-0.2855773200554104,0.2855773200554104,0.1877640937716149
Capa 2 - Oculta 1 a Oculta 2,Neurona H1_5,Neurona H2_4,-0.6798465838588706,0.6798465838588706,0.4469920009656966
Capa 2 - Oculta 1 a Oculta 2,Neurona H1_5,Neurona H2_5,0.15875257524568367,0.15875257524568367,0.10437815376631542
Capa 2 - Oculta 1 a Oculta 2,Neurona H1_5,Neurona H2_6,-0.032113620895587155,0.032113620895587155,0.0211143690402836
Capa 2 - Oculta 1 a Oculta 2,Neurona H1_5,Neurona H2_7,-0.2664048313507129,0.2664048313507129,0.17515838346420828
Capa 2 - Oculta 1 a Oculta 2,Neurona H1_5,Neurona H2_8,0.4485457315671825,0.4485457315671825,0.29491411568151404
Capa 2 - Oculta 1 a Oculta 2,Neurona H1_5,Neurona H2_9,-0.9533884165632297,0.9533884165632297,0.6268428879913016
Capa 2 - Oculta 1 a Oculta 2,Neurona H1_5,Neurona H2_10,0.3648991310661887,0.3648991310661887,0.2399173528535065
Capa 2 - Oculta 1 a Oculta 2,Neurona H1_6,Neurona H2_1,0.03977543220328252,0.03977543220328252,0.02615192964404373
Capa 2 - Oculta 1 a Oculta 2,Neurona H1_6,Neurona H2_2,-0.7617096644254592,0.7617096644254592,0.5008161181363311
Capa 2 - Oculta 1 a Oculta 2,Neurona H1_6,Neurona H2_3,0.5647525691397292,0.5647525691397292,0.3713188930029093
Capa 2 - Oculta 1 a Oculta 2,Neurona H1_6,Neurona H2_4,-0.4128205501729444,0.4128205501729444,0.27142518347914535
Capa 2 - Oculta 1 a Oculta 2,Neurona H1_6,Neurona H2_5,0.3376674121701435,0.3376674121701435,0.2220127831931175
Capa 2 - Oculta 1 a Oculta 2,Neurona H1_6,Neurona H2_6,-0.8266154536668053,0.8266154536668053,0.5434909940510856
Capa 2 - Oculta 1 a Oculta 2,Neurona H1_6,Neurona H2_7,0.6643800401794061,0.6643800401794061,0.43682291065701834
Capa 2 - Oculta 1 a Oculta 2,Neurona H1_6,Neurona H2_8,-0.040722187510568976,0.040722187510568976,0.026774411332231067
Capa 2 - Oculta 1 a Oculta 2,Neurona H1_6,Neurona H2_9,-0.7546872474000489,0.7546872474000489,0.4961989525693782
Capa 2 - Oculta 1 a Oculta 2,Neurona H1_6,Neurona H2_10,0.44583716552302866,0.44583716552302866,0.2931332619057225
Capa 2 - Oculta 1 a Oculta 2,Neurona H1_7,Neurona H2_1,-0.23001652348658877,0.23001652348658877,0.1512334525605073
Capa 2 - Oculta 1 a Oculta 2,Neurona H1_7,Neurona H2_2,0.5694725052176993,0.5694725052176993,0.37442220148751887
Capa 2 - Oculta 1 a Oculta 2,Neurona H1_7,Neurona H2_3,0.019291789987040616,0.019291789987040616,0.012684149649720648
Capa 2 - Oculta 1 a Oculta 2,Neurona H1_7,Neurona H2_4,0.3437806855348041,0.3437806855348041,0.22603219633513782
Capa 2 - Oculta 1 a Oculta 2,Neurona H1_7,Neurona H2_5,0.13096049843910293,0.13096049843910293,0.08610515465487956
Capa 2 - Oculta 1 a Oculta 2,Neurona H1_7,Neurona H2_6,0.7312937567405906,0.7312937567405906,0.4808179777322459
Capa 2 - Oculta 1 a Oculta 2,Neurona H1_7,Neurona H2_7,-0.2808335398590271,0.2808335398590271,0.1846451080291448
Capa 2 - Oculta 1 a Oculta 2,Neurona H1_7,Neurona H2_8,0.14851849880520376,0.14851849880520376,0.0976493558069281
Capa 2 - Oculta 1 a Oculta 2,Neurona H1_7,Neurona H2_9,-0.02180520732452658,0.02180520732452658,0.014336695196934793
Capa 2 - Oculta 1 a Oculta 2,Neurona H1_7,Neurona H2_10,0.27184390542284104,0.27184390542284104,0.17873451764010034
Capa 2 - Oculta 1 a Oculta 2,Neurona H1_8,Neurona H2_1,-0.4735634945225598,0.4735634945225598,0.3113630325233629
Capa 2 - Oculta 1 a Oculta 2,Neurona H1_8,Neurona H2_2,0.36370312123952514,0.36370312123952514,0.23913098893216336
Capa 2 - Oculta 1 a Oculta 2,Neurona H1_8,Neurona H2_3,0.4212837427605504,0.4212837427605504,0.2769896438722822
Capa 2 - Oculta 1 a Oculta 2,Neurona H1_8,Neurona H2_4,-0.04210099485403326,0.04210099485403326,0.027680962704311262
Capa 2 - Oculta 1 a Oculta 2,Neurona H1_8,Neurona H2_5,-0.053489716895979054,0.053489716895979054,0.035168928040661705
Capa 2 - Oculta 1 a Oculta 2,Neurona H1_8,Neurona H2_6,-0.047347245784623355,0.047347245784623355,0.03113031768631618
Capa 2 - Oculta 1 a Oculta 2,Neurona H1_8,Neurona H2_7,-0.492288536998458,0.492288536998458,0.32367455162663
Capa 2 - Oculta 1 a Oculta 2,Neurona H1_8,Neurona H2_8,0.7335199052992791,0.7335199052992791,0.4822816470692998
Capa 2 - Oculta 1 a Oculta 2,Neurona H1_8,Neurona H2_9,-0.8948264083562097,0.8948264083562097,0.588338981594591
Capa 2 - Oculta 1 a Oculta 2,Neurona H1_8,Neurona H2_10,0.05993450936330362,0.05993450936330362,0.03940631151683738
Capa 2 - Oculta 1 a Oculta 2,Neurona H1_9,Neurona H2_1,-0.3788394584512233,0.3788394584512233,0.24908297195036883
Capa 2 - Oculta 1 a Oculta 2,Neurona H1_9,Neurona H2_2,0.27879425143080416,0.27879425143080416,0.18330429726871772
Capa 2 - Oculta 1 a Oculta 2,Neurona H1_9,Neurona H2_3,-0.00019860127258679425,0.00019860127258679425,0.00013057825447032522
Capa 2 - Oculta 1 a Oculta 2,Neurona H1_9,Neurona H2_4,-0.2874507406985546,0.2874507406985546,0.18899584820241058
Capa 2 - Oculta 1 a Oculta 2,Neurona H1_9,Neurona H2_5,0.320292550492828,0.320292550492828,0.2105889938088089
Capa 2 - Oculta 1 a Oculta 2,Neurona H1_9,Neurona H2_6,-0.38205311453717405,0.38205311453717405,0.25119591713297335
Capa 2 - Oculta 1 a Oculta 2,Neurona H1_9,Neurona H2_7,0.05966945413025266,0.05966945413025266,0.03923204048010525
Capa 2 - Oculta 1 a Oculta 2,Neurona H1_9,Neurona H2_8,0.5856700150974911,0.5856700150974911,0.38507189440902184
Capa 2 - Oculta 1 a Oculta 2,Neurona H1_9,Neurona H2_9,-0.5879753104283445,0.5879753104283445,0.3865876019189517
Capa 2 - Oculta 1 a Oculta 2,Neurona H1_9,Neurona H2_10,0.2900796595698654,0.2900796595698654,0.19072433479712683
Capa 2 - Oculta 1 a Oculta 2,Neurona H1_10,Neurona H2_1,0.19892600113612138,0.19892600113612138,0.1307917600868579
Capa 2 - Oculta 1 a Oculta 2,Neurona H1_10,Neurona H2_2,1.048891446488386,1.048891446488386,0.689635128855741
Capa 2 - Oculta 1 a Oculta 2,Neurona H1_10,Neurona H2_3,-0.5789236225201452,0.5789236225201452,0.3806362120226645
Capa 2 - Oculta 1 a Oculta 2,Neurona H1_10,Neurona H2_4,0.4902916663324365,0.4902916663324365,0.322361630100117
Capa 2 - Oculta 1 a Oculta 2,Neurona H1_10,Neurona H2_5,-0.09271560799096468,0.09271560799096468,0.06095954016772056
Capa 2 - Oculta 1 a Oculta 2,Neurona H1_10,Neurona H2_6,0.4563355065640773,0.4563355065640773,0.3000358110692743
Capa 2 - Oculta 1 a Oculta 2,Neurona H1_10,Neurona H2_7,-0.8272947625149999,0.8272947625149999,0.54393763249649
Capa 2 - Oculta 1 a Oculta 2,Neurona H1_10,Neurona H2_8,-0.4044066099377567,0.4044066099377567,0.2658931059913322
Capa 2 - Oculta 1 a Oculta 2,Neurona H1_10,Neurona H2_9,0.7351751124281919,0.7351751124281919,0.4833699284023704
Capa 2 - Oculta 1 a Oculta 2,Neurona H1_10,Neurona H2_10,-0.4458381976878712,0.4458381976878712,0.2931339405432846
Capa 2 - Oculta 1 a Oculta 2,Neurona H1_11,Neurona H2_1,-0.35227781389546114,0.35227781389546114,0.2316189691432526
Capa 2 - Oculta 1 a Oculta 2,Neurona H1_11,Neurona H2_2,0.6285162956200602,0.6285162956200602,0.4132428746263711
Capa 2 - Oculta 1 a Oculta 2,Neurona H1_11,Neurona H2_3,-0.8368068613759353,0.8368068613759353,0.550191737766975
Capa 2 - Oculta 1 a Oculta 2,Neurona H1_11,Neurona H2_4,0.28812798078396035,0.28812798078396035,0.18944112645797145
Capa 2 - Oculta 1 a Oculta 2,Neurona H1_11,Neurona H2_5,-0.5126342618006335,0.5126342618006335,0.3370516523672138
Capa 2 - Oculta 1 a Oculta 2,Neurona H1_11,Neurona H2_6,0.8651941529338374,0.8651941529338374,0.5688560843368143
Capa 2 - Oculta 1 a Oculta 2,Neurona H1_11,Neurona H2_7,-0.3944110719141707,0.3944110719141707,0.25932114454007205
Capa 2 - Oculta 1 a Oculta 2,Neurona H1_11,Neurona H2_8,0.23629162883298063,0.23629162883298063,0.1553592685337718
Capa 2 - Oculta 1 a Oculta 2,Neurona H1_11,Neurona H2_9,0.1828888164162851,0.1828888164162851,0.12024747927708004
Capa 2 - Oculta 1 a Oculta 2,Neurona H1_11,Neurona H2_10,0.3128494025267804,0.3128494025267804,0.20569520205958383
Capa 2 - Oculta 1 a Oculta 2,Neurona H1_12,Neurona H2_1,-0.07182075387452747,0.07182075387452747,0.04722139266041257
Capa 2 - Oculta 1 a Oculta 2,Neurona H1_12,Neurona H2_2,-0.737738542264883,0.737738542264883,0.48505535664345073
Capa 2 - Oculta 1 a Oculta 2,Neurona H1_12,Neurona H2_3,0.49509552257844086,0.49509552257844086,0.3255201152153394
Capa 2 - Oculta 1 a Oculta 2,Neurona H1_12,Neurona H2_4,0.08088732840358069,0.08088732840358069,0.05318257035383085
Capa 2 - Oculta 1 a Oculta 2,Neurona H1_12,Neurona H2_5,0.06880494738853815,0.06880494738853815,0.045238531515408235
Capa 2 - Oculta 1 a Oculta 2,Neurona H1_12,Neurona H2_6,-0.668641863365957,0.668641863365957,0.43962501471865156
Capa 2 - Oculta 1 a Oculta 2,Neurona H1_12,Neurona H2_7,0.9098475701240529,0.9098475701240529,0.5982152379660307
Capa 2 - Oculta 1 a Oculta 2,Neurona H1_12,Neurona H2_8,0.7465966486444009,0.7465966486444009,0.4908794687142553
Capa 2 - Oculta 1 a Oculta 2,Neurona H1_12,Neurona H2_9,-0.5022153731988492,0.5022153731988492,0.330201342349451
Capa 2 - Oculta 1 a Oculta 2,Neurona H1_12,Neurona H2_10,0.17086292080443125,0.17086292080443125,0.11234057899902697
Capa 2 - Oculta 1 a Oculta 2,Neurona H1_13,Neurona H2_1,-0.16112758463481403,0.16112758463481403,0.10593969753863812
Capa 2 - Oculta 1 a Oculta 2,Neurona H1_13,Neurona H2_2,-0.8368431653156209,0.8368431653156209,0.5502156072266859
Capa 2 - Oculta 1 a Oculta 2,Neurona H1_13,Neurona H2_3,0.3815708597211129,0.3815708597211129,0.2508788396476634
Capa 2 - Oculta 1 a Oculta 2,Neurona H1_13,Neurona H2_4,-0.42487238958823004,0.42487238958823004,0.27934914153594437
Capa 2 - Oculta 1 a Oculta 2,Neurona H1_13,Neurona H2_5,0.6202573068540167,0.6202573068540167,0.4078126761049157
Capa 2 - Oculta 1 a Oculta 2,Neurona H1_13,Neurona H2_6,-0.10156135750430055,0.10156135750430055,0.06677552772856729
Capa 2 - Oculta 1 a Oculta 2,Neurona H1_13,Neurona H2_7,0.6482501782730576,0.6482501782730576,0.4262176955687923
Capa 2 - Oculta 1 a Oculta 2,Neurona H1_13,Neurona H2_8,0.8641840722926806,0.8641840722926806,0.5681919669055483
Capa 2 - Oculta 1 a Oculta 2,Neurona H1_13,Neurona H2_9,-0.4383756731062669,0.4383756731062669,0.28822740887248716
Capa 2 - Oculta 1 a Oculta 2,Neurona H1_13,Neurona H2_10,-0.04980191284886384,0.04980191284886384,0.03274423554484471
Capa 2 - Oculta 1 a Oculta 2,Neurona H1_14,Neurona H2_1,-0.5248237630492567,0.5248237630492567,0.34506612163610256
Capa 2 - Oculta 1 a Oculta 2,Neurona H1_14,Neurona H2_2,-0.08885998911256272,0.08885998911256272,0.058424511179804406
Capa 2 - Oculta 1 a Oculta 2,Neurona H1_14,Neurona H2_3,-0.38733711654593905,0.38733711654593905,0.2546700930530732
Capa 2 - Oculta 1 a Oculta 2,Neurona H1_14,Neurona H2_4,-0.7295232843758362,0.7295232843758362,0.47965391071511976
Capa 2 - Oculta 1 a Oculta 2,Neurona H1_14,Neurona H2_5,0.357986599858585,0.357986599858585,0.23537243605965225
Capa 2 - Oculta 1 a Oculta 2,Neurona H1_14,Neurona H2_6,-0.15473434846692638,0.15473434846692638,0.10173621178879491
Capa 2 - Oculta 1 a Oculta 2,Neurona H1_14,Neurona H2_7,-0.08916872810979147,0.08916872810979147,0.0586275038334765
Capa 2 - Oculta 1 a Oculta 2,Neurona H1_14,Neurona H2_8,0.1341118737473864,0.1341118737473864,0.08817715087915702
Capa 2 - Oculta 1 a Oculta 2,Neurona H1_14,Neurona H2_9,-0.18144791424151296,0.18144791424151296,0.11930010120445458
Capa 2 - Oculta 1 a Oculta 2,Neurona H1_14,Neurona H2_10,0.16523814798676192,0.16523814798676192,0.10864234984491916
Capa 2 - Oculta 1 a Oculta 2,Neurona H1_15,Neurona H2_1,-0.3894088493489324,0.3894088493489324,0.25603223564974537
Capa 2 - Oculta 1 a Oculta 2,Neurona H1_15,Neurona H2_2,0.1522729150503496,0.1522729150503496,0.10011784512454777
Capa 2 - Oculta 1 a Oculta 2,Neurona H1_15,Neurona H2_3,0.16153219144402062,0.16153219144402062,0.10620572227354971
Capa 2 - Oculta 1 a Oculta 2,Neurona H1_15,Neurona H2_4,-0.5606056231460174,0.5606056231460174,0.3685923194911261
Capa 2 - Oculta 1 a Oculta 2,Neurona H1_15,Neurona H2_5,0.3713397681741735,0.3713397681741735,0.24415200422448358
Capa 2 - Oculta 1 a Oculta 2,Neurona H1_15,Neurona H2_6,0.016824239217235835,0.016824239217235835,0.01106176088986413
Capa 2 - Oculta 1 a Oculta 2,Neurona H1_15,Neurona H2_7,0.2996399297646435,0.2996399297646435,0.19701011221455617
Capa 2 - Oculta 1 a Oculta 2,Neurona H1_15,Neurona H2_8,0.6416566157517853,0.6416566157517853,0.42188249734194094
Capa 2 - Oculta 1 a Oculta 2,Neurona H1_15,Neurona H2_9,-0.7353581902138074,0.7353581902138074,0.4834903001269148
Capa 2 - Oculta 1 a Oculta 2,Neurona H1_15,Neurona H2_10,0.7228009440726622,0.7228009440726622,0.4752340424468519
Capa 2 - Oculta 1 a Oculta 2,Neurona H1_16,Neurona H2_1,0.4313883875473395,0.4313883875473395,0.28363334187640726
Capa 2 - Oculta 1 a Oculta 2,Neurona H1_16,Neurona H2_2,-1.1578122423221378,1.1578122423221378,0.7612494101251334
Capa 2 - Oculta 1 a Oculta 2,Neurona H1_16,Neurona H2_3,1.1084723711394653,1.1084723711394653,0.728808962131486
Capa 2 - Oculta 1 a Oculta 2,Neurona H1_16,Neurona H2_4,-0.22444266320395573,0.22444266320395573,0.14756869786438812
Capa 2 - Oculta 1 a Oculta 2,Neurona H1_16,Neurona H2_5,0.5042797621158419,0.5042797621158419,0.33155865641807547
Capa 2 - Oculta 1 a Oculta 2,Neurona H1_16,Neurona H2_6,-0.8421072112639583,0.8421072112639583,0.553676662246286
Capa 2 - Oculta 1 a Oculta 2,Neurona H1_16,Neurona H2_7,0.5761862095989854,0.5761862095989854,0.3788363917276896
Capa 2 - Oculta 1 a Oculta 2,Neurona H1_16,Neurona H2_8,0.8297189965596554,0.8297189965596554,0.5455315409637196
Capa 2 - Oculta 1 a Oculta 2,Neurona H1_16,Neurona H2_9,-0.21203284691237842,0.21203284691237842,0.13940937376467277
Capa 2 - Oculta 1 a Oculta 2,Neurona H1_16,Neurona H2_10,0.2805427115691585,0.2805427115691585,0.18445389147777536
Capa 2 - Oculta 1 a Oculta 2,bias_w0,Neurona H2_1,0.28978480567936177,0.28978480567936177,0.19053047145554666
Capa 2 - Oculta 1 a Oculta 2,bias_w0,Neurona H2_2,0.02794463485010942,0.02794463485010942,0.018373304425545457
Capa 2 - Oculta 1 a Oculta 2,bias_w0,Neurona H2_3,-0.05627450355366253,0.05627450355366253,0.03699989607070613
Capa 2 - Oculta 1 a Oculta 2,bias_w0,Neurona H2_4,-0.1294612086974898,0.1294612086974898,0.0851193873692266
Capa 2 - Oculta 1 a Oculta 2,bias_w0,Neurona H2_5,0.052469169998208415,0.052469169998208415,0.034497929155406545
Capa 2 - Oculta 1 a Oculta 2,bias_w0,Neurona H2_6,0.02825344251890387,0.02825344251890387,0.018576342230052004
Capa 2 - Oculta 1 a Oculta 2,bias_w0,Neurona H2_7,0.1408635691441511,0.1408635691441511,0.09261631981368422
Capa 2 - Oculta 1 a Oculta 2,bias_w0,Neurona H2_8,0.02407880492287518,0.02407880492287518,0.015831561780080872
Capa 2 - Oculta 1 a Oculta 2,bias_w0,Neurona H2_9,-0.08851778317314736,0.08851778317314736,0.05819951436253221
Capa 2 - Oculta 1 a Oculta 2,bias_w0,Neurona H2_10,-0.07721689724950877,0.07721689724950877,0.05076930035304194
Capa 3 - Oculta 2 a Salida,Neurona H2_1,Clase 0,0.5698755940984788,0.5698755940984788,0.3746872282004045
Capa 3 - Oculta 2 a Salida,Neurona H2_1,Clase 1,-1.0117007502050037,1.0117007502050037,0.6651826359791015
Capa 3 - Oculta 2 a Salida,Neurona H2_1,Clase 2,0.2561801023173781,0.2561801023173781,0.16843573132701498
Capa 3 - Oculta 2 a Salida,Neurona H2_2,Clase 0,1.2066982418452017,1.2066982418452017,0.7933914422612521
Capa 3 - Oculta 2 a Salida,Neurona H2_2,Clase 1,1.0912509688728604,1.0912509688728604,0.7174860707007586
Capa 3 - Oculta 2 a Salida,Neurona H2_2,Clase 2,-2.311499833618358,2.311499833618358,1.5197869054460542
Capa 3 - Oculta 2 a Salida,Neurona H2_3,Clase 0,-1.0289256482592455,1.0289256482592455,0.6765078258535484
Capa 3 - Oculta 2 a Salida,Neurona H2_3,Clase 1,-0.8472537566034335,0.8472537566034335,0.5570604618475065
Capa 3 - Oculta 2 a Salida,Neurona H2_3,Clase 2,1.7111879000381058,1.7111879000381058,1.1250881031493192
Capa 3 - Oculta 2 a Salida,Neurona H2_4,Clase 0,0.9360584684400722,0.9360584684400722,0.615448628797951
Capa 3 - Oculta 2 a Salida,Neurona H2_4,Clase 1,-0.865473111059648,0.865473111059648,0.5690394963797696
Capa 3 - Oculta 2 a Salida,Neurona H2_4,Clase 2,-0.5844644100516979,0.5844644100516979,0.38427922173170304
Capa 3 - Oculta 2 a Salida,Neurona H2_5,Clase 0,-1.3461534141081113,1.3461534141081113,0.8850817558920022
Capa 3 - Oculta 2 a Salida,Neurona H2_5,Clase 1,0.07752557280879187,0.07752557280879187,0.05097225129692989
Capa 3 - Oculta 2 a Salida,Neurona H2_5,Clase 2,0.3853109324495057,0.3853109324495057,0.253337898253404
Capa 3 - Oculta 2 a Salida,Neurona H2_6,Clase 0,1.0302360378939992,1.0302360378939992,0.6773693932994839
Capa 3 - Oculta 2 a Salida,Neurona H2_6,Clase 1,0.6286886742870575,0.6286886742870575,0.4133562117926
Capa 3 - Oculta 2 a Salida,Neurona H2_6,Clase 2,-1.5477476686816032,1.5477476686816032,1.0176278646383534
Capa 3 - Oculta 2 a Salida,Neurona H2_7,Clase 0,0.07022969820619261,0.07022969820619261,0.04617529024006939
Capa 3 - Oculta 2 a Salida,Neurona H2_7,Clase 1,-1.0351576766950426,1.0351576766950426,0.680605319209741
Capa 3 - Oculta 2 a Salida,Neurona H2_7,Clase 2,1.8575463638966718,1.8575463638966718,1.2213172586259418
Capa 3 - Oculta 2 a Salida,Neurona H2_8,Clase 0,-2.150087211646348,2.150087211646348,1.4136597988467132
Capa 3 - Oculta 2 a Salida,Neurona H2_8,Clase 1,0.9843438707520884,0.9843438707520884,0.6471957745648294
Capa 3 - Oculta 2 a Salida,Neurona H2_8,Clase 2,0.8048987252111639,0.8048987252111639,0.5292124727827769
Capa 3 - Oculta 2 a Salida,Neurona H2_9,Clase 0,1.455149351559341,1.455149351559341,0.9567454419870565
Capa 3 - Oculta 2 a Salida,Neurona H2_9,Clase 1,-1.6730279035972908,1.6730279035972908,1.0999983055818952
Capa 3 - Oculta 2 a Salida,Neurona H2_9,Clase 2,-1.1119944229040122,1.1119944229040122,0.7311246742393612
Capa 3 - Oculta 2 a Salida,Neurona H2_10,Clase 0,-0.8733188221746282,0.8733188221746282,0.574197969178703
Capa 3 - Oculta 2 a Salida,Neurona H2_10,Clase 1,1.08137204963806,1.08137204963806,0.7109907848804233
Capa 3 - Oculta 2 a Salida,Neurona H2_10,Clase 2,0.33208109752815046,0.33208109752815046,0.21833983988629818
Capa 3 - Oculta 2 a Salida,bias_w0,Clase 0,-0.24025978787808935,0.24025978787808935,0.1579682915013587
Capa 3 - Oculta 2 a Salida,bias_w0,Clase 1,0.09782389413409803,0.09782389413409803,0.06431818474847868
Capa 3 - Oculta 2 a Salida,bias_w0,Clase 2,0.14243589374399135,0.14243589374399135,0.09365010675288002
CONFIGURACIÓN_SISTEMA,Tipo de Modelo,Red Neuronal Artificial (MLP) de 3 Capas,,,
CONFIGURACIÓN_SISTEMA,Capas Ocultas (hidden_units),"Capa 1: 16 Neuronas, Capa 2: 10 Neuronas",,,
CONFIGURACIÓN_SISTEMA,Función de Activación Oculta,Sigmoide (Múltiples regresiones logísticas paralelas),,,
CONFIGURACIÓN_SISTEMA,Tasa de Aprendizaje Inicial,0.1,,,
CONFIGURACIÓN_SISTEMA,Regularización L2 (lambda),0.001,,,
CONFIGURACIÓN_SISTEMA,Épocas de Entrenamiento,1000,,,
CONFIGURACIÓN_SISTEMA,Muestras de Train Final (80%),7896,,,
CONFIGURACIÓN_SISTEMA,Muestras de Test Final (20%),1500,,,
CONFIGURACIÓN_SISTEMA,Accuracy Promedio Folds (CV),91.8136,,,
CONFIGURACIÓN_SISTEMA,Accuracy Final Train Set,97.0745,,,
CONFIGURACIÓN_SISTEMA,Accuracy Final Test Set,96.9333,,,
CONFIGURACIÓN_SISTEMA,Loss Final Train Set,0.085626,,,
CONFIGURACIÓN_SISTEMA,Loss Final Test Set,0.089905,,,
