epoca,loss_train,loss_val,acc_train,acc_val
1,1.088522251201196,1.0823745831473883,0.3786057692307692,0.368547418967587
2,1.0776517246996131,1.0747975050702494,0.39513221153846156,0.3865546218487395
3,1.0697330754200156,1.0684791069700175,0.41256009615384615,0.5546218487394958
4,1.0631281896959963,1.0627286562994158,0.5823317307692307,0.553421368547419
5,1.0571279031898342,1.0572463610879714,0.5823317307692307,0.5558223289315727
6,1.0514206460231836,1.0519008163069432,0.5835336538461539,0.5570228091236494
7,1.0458673479567926,1.046633252328234,0.5844350961538461,0.5582232893157263
8,1.0404041833933135,1.0414161992056694,0.5844350961538461,0.5582232893157263
9,1.0350003073118903,1.036235699167184,0.5862379807692307,0.5594237695078031
10,1.0296394797568633,1.0310837007672304,0.5877403846153846,0.5594237695078031
11,1.0243120820073095,1.0259548344483997,0.5892427884615384,0.5594237695078031
12,1.0190116470680535,1.020845060462872,0.5889423076923077,0.56062424969988
13,1.013733347896891,1.0157511094599585,0.5889423076923077,0.5618247298919568
14,1.0084733336204545,1.0106702541577777,0.5889423076923077,0.5582232893157263
15,1.0032284328662648,1.0056002163963944,0.5883413461538461,0.5642256902761105
16,0.9979960160158704,1.0005391275285413,0.5940504807692307,0.6206482593037215
17,0.9927739262033489,0.9954855083148118,0.6409254807692307,0.6902761104441777
18,0.9875604399170338,0.990438254723704,0.7124399038461539,0.7322929171668667
19,0.9823542401326569,0.9853966243983152,0.7608173076923077,0.751500600240096
20,0.9771543944661615,0.9803602219276248,0.7779447115384616,0.7599039615846338
21,0.9719603349938662,0.9753289823773804,0.7836538461538461,0.7635054021608644
22,0.9667718382169265,0.9703031530257235,0.7842548076923077,0.7647058823529411
23,0.9615890044721565,0.9652832734230856,0.78515625,0.7635054021608644
24,0.956412236484857,0.9602701539609535,0.7881610576923077,0.7623049219687875
25,0.9512422169678363,0.9552648531685051,0.7872596153846154,0.7599039615846338
26,0.9460798852992917,0.9502686539857815,0.7872596153846154,0.758703481392557
27,0.9409264134037383,0.9452830392917405,0.7872596153846154,0.7575030012004802
28,0.9357831810307385,0.9403096669923157,0.7863581730769231,0.7575030012004802
29,0.9306517506802011,0.9353503449925761,0.7866586538461539,0.7575030012004802
30,0.9255338424603704,0.9304070063839566,0.7881610576923077,0.7563025210084033
31,0.9204313091840587,0.9254816851697442,0.7866586538461539,0.758703481392557
32,0.9153461120096328,0.9205764928290973,0.7857572115384616,0.758703481392557
33,0.9102802969165088,0.9156935959833901,0.7848557692307693,0.758703481392557
34,0.9052359722727853,0.910835195381775,0.78515625,0.7575030012004802
35,0.9002152877088196,0.9060035063696977,0.7857572115384616,0.7575030012004802
36,0.8952204144595023,0.9012007409491622,0.7860576923076923,0.7575030012004802
37,0.8902535272843972,0.8964290914869757,0.7854567307692307,0.7575030012004802
38,0.8853167880231504,0.8916907160803516,0.78515625,0.7575030012004802
39,0.8804123307970654,0.8869877255503911,0.7848557692307693,0.7575030012004802
40,0.8755422488289163,0.882322172004136,0.7848557692307693,0.7575030012004802
41,0.8707085828230825,0.8776960388851549,0.7842548076923077,0.7575030012004802
42,0.8659133108270562,0.873111232420129,0.7836538461538461,0.7575030012004802
43,0.861158339482549,0.8685695743632849,0.7836538461538461,0.7575030012004802
44,0.8564454965684931,0.8640727959401552,0.7836538461538461,0.7575030012004802
45,0.8517765247376037,0.8596225328953737,0.7830528846153846,0.7575030012004802
46,0.8471530763512147,0.8552203215545793,0.7830528846153846,0.7575030012004802
47,0.8425767093223854,0.8508675958167949,0.7830528846153846,0.7575030012004802
48,0.8380488838835518,0.8465656850000184,0.7830528846153846,0.7575030012004802
49,0.8335709602014428,0.8423158124686073,0.7818509615384616,0.7575030012004802
50,0.8291441967679499,0.8381190949761266,0.7818509615384616,0.7575030012004802
51,0.8247697495008752,0.8339765426614929,0.7821514423076923,0.7575030012004802
52,0.8204486714928539,0.8298890596396344,0.7818509615384616,0.7575030012004802
53,0.8161819133502854,0.8258574451305722,0.7821514423076923,0.7575030012004802
54,0.811970324066986,0.8218823950730377,0.7821514423076923,0.7575030012004802
55,0.8078146523796275,0.817964504170649,0.7821514423076923,0.7575030012004802
56,0.8037155485540566,0.8141042683204472,0.7821514423076923,0.7575030012004802
57,0.7996735665534538,0.8103020873753677,0.7821514423076923,0.7575030012004802
58,0.7956891665411225,0.8065582681940987,0.7821514423076923,0.7575030012004802
59,0.7917627176725957,0.8028730279338067,0.7821514423076923,0.7575030012004802
60,0.787894501133765,0.7992464975434245,0.7815504807692307,0.7575030012004802
61,0.7840847133839152,0.7956787254175712,0.7815504807692307,0.7575030012004802
62,0.780333469564865,0.7921696811737409,0.7815504807692307,0.7575030012004802
63,0.7766408070398974,0.7887192595180472,0.7815504807692307,0.7575030012004802
64,0.7730066890287274,0.7853272841675828,0.7815504807692307,0.7575030012004802
65,0.7694310083074116,0.7819935118002351,0.7815504807692307,0.7575030012004802
66,0.7659135909447934,0.7787176360056041,0.7815504807692307,0.7575030012004802
67,0.7624542000497477,0.775499291213416,0.7815504807692307,0.7575030012004802
68,0.7590525395061433,0.772338056578509,0.7821514423076923,0.7575030012004802
69,0.755708257674995,0.7692334598040472,0.7821514423076923,0.758703481392557
70,0.7524209510457591,0.7661849808870669,0.7821514423076923,0.758703481392557
71,0.7491901678210694,0.7631920557727822,0.7818509615384616,0.758703481392557
72,0.7460154114214335,0.760254079906226,0.7824519230769231,0.758703481392557
73,0.7428961438984742,0.7573704116718136,0.7827524038461539,0.758703481392557
74,0.7398317892472273,0.754540375713251,0.7827524038461539,0.758703481392557
75,0.7368217366097711,0.7517632661278879,0.7827524038461539,0.758703481392557
76,0.7338653433640745,0.7490383495311373,0.7827524038461539,0.758703481392557
77,0.7309619380934157,0.7463648679879474,0.7827524038461539,0.758703481392557
78,0.7281108234330397,0.7437420418095347,0.7827524038461539,0.758703481392557
79,0.7253112787919,0.7411690722146608,0.7827524038461539,0.758703481392557
80,0.7225625629483767,0.738645143855689,0.7827524038461539,0.758703481392557
81,0.7198639165197814,0.736169427210486,0.7827524038461539,0.758703481392557
82,0.7172145643062714,0.7337410808419403,0.7827524038461539,0.758703481392557
83,0.7146137175104853,0.7313592535274831,0.7830528846153846,0.758703481392557
84,0.7120605758348186,0.7290230862615124,0.7830528846153846,0.758703481392557
85,0.7095543294587608,0.7267317141340417,0.7830528846153846,0.758703481392557
86,0.7070941608991431,0.7244842680892477,0.7830528846153846,0.758703481392557
87,0.7046792467564967,0.7222798765678646,0.7833533653846154,0.758703481392557
88,0.702308759351002,0.7201176670375835,0.7836538461538461,0.758703481392557
89,0.6999818682517304,0.7179967674157743,0.7836538461538461,0.758703481392557
90,0.6976977417030502,0.7159163073889476,0.7839543269230769,0.758703481392557
91,0.6954555479521822,0.7138754196334378,0.7839543269230769,0.758703481392557
92,0.6932544564819699,0.7118732409418074,0.7842548076923077,0.758703481392557
93,0.6910936391529664,0.7099089132594587,0.7842548076923077,0.758703481392557
94,0.6889722712589458,0.7079815846359044,0.7842548076923077,0.758703481392557
95,0.6868895324999237,0.7060904100950688,0.7842548076923077,0.758703481392557
96,0.6848446078767277,0.7042345524289213,0.7836538461538461,0.758703481392557
97,0.6828366885110904,0.7024131829186253,0.7836538461538461,0.758703481392557
98,0.6808649723951509,0.7006254819872773,0.7836538461538461,0.758703481392557
99,0.6789286650741629,0.6988706397881764,0.7836538461538461,0.758703481392557
100,0.6770269802660893,0.6971478567324342,0.7836538461538461,0.758703481392557
101,0.6751591404216466,0.6954563439595818,0.7836538461538461,0.758703481392557
102,0.6733243772282512,0.6937953237546984,0.7845552884615384,0.758703481392557
103,0.6715219320611749,0.6921640299154225,0.7848557692307693,0.758703481392557
104,0.6697510563850978,0.6905617080720664,0.7848557692307693,0.758703481392557
105,0.6680110121091088,0.6889876159639036,0.78515625,0.758703481392557
106,0.6663010718980776,0.6874410236745481,0.7854567307692307,0.758703481392557
107,0.6646205194431786,0.6859212138292051,0.7854567307692307,0.758703481392557
108,0.6629686496942316,0.6844274817564273,0.7854567307692307,0.758703481392557
109,0.661344769056388,0.6829591356168739,0.7854567307692307,0.758703481392557
110,0.6597481955535627,0.6815154965014392,0.7854567307692307,0.758703481392557
111,0.6581782589609052,0.6800958985009832,0.7854567307692307,0.7599039615846338
112,0.6566343009084686,0.6786996887497809,0.7860576923076923,0.7599039615846338
113,0.6551156749581337,0.6773262274446811,0.7860576923076923,0.7599039615846338
114,0.653621746655733,0.6759748878418542,0.7863581730769231,0.7599039615846338
115,0.6521518935602078,0.6746450562329015,0.7866586538461539,0.7599039615846338
116,0.650705505251545,0.6733361319019956,0.7866586538461539,0.7599039615846338
117,0.6492819833191243,0.6720475270656159,0.7869591346153846,0.7599039615846338
118,0.6478807413320337,0.6707786667963598,0.7872596153846154,0.7599039615846338
119,0.6465012047928081,0.6695289889322135,0.7875600961538461,0.7599039615846338
120,0.6451428110759687,0.6682979439725825,0.7875600961538461,0.7599039615846338
121,0.6438050093526586,0.6670849949623073,0.7875600961538461,0.7599039615846338
122,0.6424872605025967,0.6658896173648036,0.7875600961538461,0.7599039615846338
123,0.6411890370144897,0.664711298925406,0.7875600961538461,0.7599039615846338
124,0.6399098228759866,0.6635495395259152,0.7875600961538461,0.7599039615846338
125,0.6386491134541826,0.6624038510312914,0.7875600961538461,0.7599039615846338
126,0.6374064153676212,0.6612737571293723,0.7875600961538461,0.7599039615846338
127,0.6361812463506828,0.6601587931644353,0.7875600961538461,0.7599039615846338
128,0.6349731351111967,0.6590585059653714,0.7875600961538461,0.7599039615846338
129,0.6337816211820453,0.6579724536691848,0.7875600961538461,0.7599039615846338
130,0.6326062547674997,0.656900205540482,0.7878605769230769,0.7599039615846338
131,0.6314465965849555,0.6558413417875744,0.7878605769230769,0.7599039615846338
132,0.6303022177027092,0.6547954533757601,0.7881610576923077,0.7599039615846338
133,0.6291726993743614,0.6537621418383306,0.7878605769230769,0.7599039615846338
134,0.6280576328703952,0.6527410190857909,0.7875600961538461,0.7611044417767107
135,0.6269566193074438,0.6517317072137481,0.7875600961538461,0.7611044417767107
136,0.6258692694757128,0.650733838309904,0.7872596153846154,0.7611044417767107
137,0.624795203665004,0.6497470542605298,0.7872596153846154,0.7611044417767107
138,0.6237340514897384,0.648771006556792,0.7875600961538461,0.7611044417767107
139,0.6226854517133581,0.6478053561012582,0.7875600961538461,0.7611044417767107
140,0.6216490520724473,0.6468497730148877,0.7878605769230769,0.7611044417767107
141,0.6206245091008957,0.6459039364447844,0.7884615384615384,0.7611044417767107
142,0.6196114879543915,0.6449675343729717,0.7878605769230769,0.7611044417767107
143,0.6186096622355116,0.6440402634264141,0.7878605769230769,0.7611044417767107
144,0.6176187138196555,0.6431218286885054,0.7878605769230769,0.7611044417767107
145,0.6166383326820455,0.6422119435122101,0.7878605769230769,0.7611044417767107
146,0.615668216725994,0.6413103293350327,0.7878605769230769,0.7623049219687875
147,0.614708071612625,0.6404167154959722,0.7878605769230769,0.7635054021608644
148,0.6137576105922138,0.6395308390545992,0.7878605769230769,0.7635054021608644
149,0.612816554337296,0.6386524446123849,0.7878605769230769,0.7635054021608644
150,0.6118846307776805,0.6377812841363882,0.7878605769230769,0.7635054021608644
151,0.6109615749374877,0.6369171167854047,0.7881610576923077,0.7647058823529411
152,0.6100471287743169,0.636059708738656,0.7881610576923077,0.7647058823529411
153,0.6091410410206433,0.635208833027104,0.7884615384615384,0.7647058823529411
154,0.6082430670275201,0.634364269367444,0.7884615384615384,0.7647058823529411
155,0.6073529686106668,0.633525803998841,0.7884615384615384,0.7647058823529411
156,0.6064705138989992,0.6326932295224474,0.7884615384615384,0.7647058823529411
157,0.6055954771856583,0.6318663447437448,0.7887620192307693,0.7647058823529411
158,0.6047276387815832,0.6310449545177355,0.7890625,0.7647058823529411
159,0.6038667848716625,0.6302288695970115,0.7893629807692307,0.7647058823529411
160,0.6030127073734982,0.6294179064827121,0.7896634615384616,0.7647058823529411
161,0.6021652037988027,0.6286118872783857,0.7899639423076923,0.7647058823529411
162,0.6013240771174457,0.627810639546754,0.7899639423076923,0.7647058823529411
163,0.6004891356241657,0.6270139961693864,0.7899639423076923,0.7647058823529411
164,0.59966019280795,0.6262217952092723,0.7899639423076923,0.765906362545018
165,0.5988370672240854,0.6254338797762893,0.7902644230769231,0.765906362545018
166,0.5980195823688779,0.6246500978955455,0.7902644230769231,0.765906362545018
167,0.5972075665570356,0.62387030237859,0.7905649038461539,0.765906362545018
168,0.5964008528017009,0.623094350697463,0.7905649038461539,0.765906362545018
169,0.5955992786971253,0.6223221048615671,0.7905649038461539,0.765906362545018
170,0.5948026863039624,0.6215534312973343,0.7908653846153846,0.7671068427370948
171,0.5940109220371678,0.6207882007306585,0.7908653846153846,0.7683073229291717
172,0.5932238365564781,0.6200262880720678,0.7911658653846154,0.7683073229291717
173,0.5924412846594503,0.6192675723046002,0.7911658653846154,0.7683073229291717
174,0.5916631251770305,0.6185119363743515,0.7911658653846154,0.7683073229291717
175,0.59088922087163,0.6177592670836594,0.7914663461538461,0.7683073229291717
176,0.5901194383376743,0.6170094549868866,0.7914663461538461,0.7695078031212484
177,0.5893536479045984,0.6162623942887657,0.7914663461538461,0.7695078031212484
178,0.5885917235422523,0.6155179827452649,0.7920673076923077,0.7695078031212484
179,0.5878335427686873,0.6147761215669377,0.7920673076923077,0.7695078031212484
180,0.5870789865602848,0.6140367153247086,0.7920673076923077,0.7695078031212484
181,0.5863279392641949,0.6132996718580614,0.7923677884615384,0.7695078031212484
182,0.5855802885130479,0.6125649021855798,0.7923677884615384,0.7707082833133253
183,0.5848359251418996,0.611832320417801,0.7926682692307693,0.7707082833133253
184,0.5840947431073754,0.6111018436723366,0.79296875,0.7707082833133253
185,0.5833566394089716,0.6103733919912173,0.79296875,0.7707082833133253
186,0.5826215140124775,0.6096468882604142,0.79296875,0.7707082833133253
187,0.5818892697754774,0.6089222581314959,0.79296875,0.7707082833133253
188,0.5811598123748903,0.6081994299453686,0.79296875,0.7707082833133253
189,0.5804330502365106,0.6074783346580617,0.79296875,0.7719087635054022
190,0.5797088944665056,0.6067589057685054,0.79296875,0.7719087635054022
191,0.5789872587848288,0.6060410792482586,0.7935697115384616,0.7719087635054022
192,0.5782680594605085,0.6053247934731371,0.7935697115384616,0.7719087635054022
193,0.5775512152487674,0.6046099891567003,0.7935697115384616,0.7719087635054022
194,0.5768366473299323,0.6038966092855438,0.7938701923076923,0.7719087635054022
195,0.5761242792500901,0.6031845990563551,0.7938701923076923,0.7719087635054022
196,0.5754140368634476,0.6024739058146851,0.7941706730769231,0.7719087635054022
197,0.5747058482763502,0.6017644789953858,0.7944711538461539,0.7719087635054022
198,0.5739996437929168,0.6010562700646719,0.7944711538461539,0.7719087635054022
199,0.5732953558622484,0.6003492324637555,0.7941706730769231,0.7719087635054022
200,0.5725929190271613,0.599643321554008,0.7941706730769231,0.7719087635054022
201,0.5718922698744043,0.5989384945636056,0.7941706730769231,0.7719087635054022
202,0.5711933469863164,0.5982347105356061,0.7941706730769231,0.7719087635054022
203,0.5704960908938727,0.5975319302774159,0.7944711538461539,0.7719087635054022
204,0.5698004440310808,0.5968301163115991,0.7944711538461539,0.773109243697479
205,0.5691063506906784,0.5961292328279796,0.7944711538461539,0.773109243697479
206,0.5684137569810864,0.5954292456369962,0.7950721153846154,0.773109243697479
207,0.567722610784572,0.5947301221242591,0.7950721153846154,0.7743097238895558
208,0.5670328617165743,0.5940318312062665,0.7950721153846154,0.7743097238895558
209,0.5663444610861494,0.593334343287234,0.7950721153846154,0.7743097238895558
210,0.5656573618574832,0.5926376302169932,0.7950721153846154,0.7743097238895558
211,0.56497151861243,0.5919416652499147,0.7953725961538461,0.7743097238895558
212,0.5642868875140287,0.5912464230048117,0.7956730769230769,0.7743097238895558
213,0.5636034262709477,0.5905518794257811,0.7956730769230769,0.7743097238895558
214,0.5629210941028163,0.5898580117439389,0.7959735576923077,0.7743097238895558
215,0.5622398517063919,0.5891647984400084,0.7959735576923077,0.7755102040816326
216,0.5615596612225189,0.5884722192077176,0.7962740384615384,0.7755102040816326
217,0.5608804862038343,0.5877802549179713,0.7962740384615384,0.7755102040816326
218,0.5602022915831706,0.5870888875837474,0.7962740384615384,0.7767106842737095
219,0.5595250436426145,0.5863981003256903,0.796875,0.7767106842737095
220,0.5588487099831759,0.5857078773383546,0.796875,0.7767106842737095
221,0.5581732594950206,0.5850182038570667,0.796875,0.7767106842737095
222,0.5574986623282274,0.584329066125368,0.796875,0.7767106842737095
223,0.5568248898640226,0.5836404513630036,0.796875,0.7767106842737095
224,0.5561519146864559,0.5829523477344257,0.7971754807692307,0.7767106842737095
225,0.5554797105544713,0.5822647443177792,0.7971754807692307,0.7767106842737095
226,0.5548082523743397,0.5815776310743392,0.7971754807692307,0.7767106842737095
227,0.55413751617241,0.5808909988183715,0.7971754807692307,0.7767106842737095
228,0.5534674790681476,0.5802048391873922,0.7971754807692307,0.7767106842737095
229,0.5527981192474222,0.5795191446127975,0.7974759615384616,0.7767106842737095
230,0.5521294159360138,0.5788339082908448,0.7974759615384616,0.7767106842737095
231,0.5514613493733062,0.5781491241539611,0.7977764423076923,0.7767106842737095
232,0.550793900786138,0.5774647868423614,0.7980769230769231,0.7767106842737095
233,0.5501270523627871,0.5767808916759605,0.7980769230769231,0.7767106842737095
234,0.549460787227063,0.5760974346265642,0.7983774038461539,0.7767106842737095
235,0.5487950894124843,0.5754144122903251,0.7986778846153846,0.7767106842737095
236,0.5481299438365261,0.574731821860457,0.7986778846153846,0.7767106842737095
237,0.5474653362749171,0.5740496611001971,0.7986778846153846,0.7767106842737095
238,0.5468012533359757,0.5733679283160134,0.7986778846153846,0.7767106842737095
239,0.5461376824349734,0.572686622331053,0.7989783653846154,0.7767106842737095
240,0.5454746117685179,0.572005742458832,0.7989783653846154,0.7767106842737095
241,0.5448120302889516,0.5713252884771671,0.7998798076923077,0.7767106842737095
242,0.544149927678765,0.5706452606023574,0.7998798076923077,0.7767106842737095
243,0.5434882943250238,0.5699656594636187,0.7998798076923077,0.7767106842737095
244,0.5428271212938166,0.569286486077781,0.7998798076923077,0.7779111644657863
245,0.5421664003047306,0.5686077418242622,0.7998798076923077,0.7779111644657863
246,0.5415061237053648,0.5679294284203277,0.7998798076923077,0.7779111644657863
247,0.5408462844458931,0.5672515478966539,0.7998798076923077,0.7779111644657863
248,0.5401868760536976,0.5665741025732111,0.7998798076923077,0.7779111644657863
249,0.5395278926080853,0.5658970950354842,0.7998798076923077,0.7779111644657863
250,0.5388693287151137,0.5652205281110543,0.8001802884615384,0.7779111644657863
251,0.5382111794825476,0.564544404846557,0.80078125,0.7779111644657863
252,0.5375534404949719,0.5638687284850464,0.80078125,0.7779111644657863
253,0.5368961077890905,0.563193502443785,0.8010817307692307,0.7779111644657863
254,0.5362391778292385,0.5625187302924827,0.8013822115384616,0.7779111644657863
255,0.5355826474831399,0.5618444157320155,0.8016826923076923,0.7779111644657863
256,0.5349265139979437,0.5611705625736413,0.8016826923076923,0.7779111644657863
257,0.5342707749765704,0.5604971747187462,0.8016826923076923,0.7779111644657863
258,0.5336154283544043,0.5598242561391417,0.8019831730769231,0.7779111644657863
259,0.5329604723763646,0.5591518108579385,0.8019831730769231,0.7779111644657863
260,0.5323059055743914,0.5584798429310242,0.8022836538461539,0.7791116446578632
261,0.5316517267453811,0.5578083564291657,0.8022836538461539,0.7791116446578632
262,0.5309979349296049,0.5571373554207604,0.8025841346153846,0.7791116446578632
263,0.5303445293896428,0.5564668439552581,0.8028846153846154,0.7791116446578632
264,0.5296915095898691,0.5557968260472752,0.8028846153846154,0.7791116446578632
265,0.5290388751765173,0.5551273056614154,0.8028846153846154,0.78031212484994
266,0.528386625958357,0.554458286697821,0.8034855769230769,0.78031212484994
267,0.5277347618880085,0.5537897729784649,0.8034855769230769,0.78031212484994
268,0.5270832830439256,0.5531217682341979,0.8034855769230769,0.78031212484994
269,0.5264321896130661,0.5524542760925641,0.8034855769230769,0.78031212484994
270,0.5257814818742765,0.5517873000663933,0.8037860576923077,0.78031212484994
271,0.5251311601824079,0.5511208435431737,0.8037860576923077,0.7815126050420168
272,0.5244812249531818,0.5504549097752163,0.8037860576923077,0.7815126050420168
273,0.5238316766488192,0.5497895018706059,0.8040865384615384,0.7815126050420168
274,0.5231825157644476,0.5491246227849458,0.8043870192307693,0.7827130852340937
275,0.5225337428152891,0.5484602753138852,0.8046875,0.7827130852340937
276,0.5218853583246449,0.5477964620864344,0.8046875,0.7839135654261705
277,0.5212373628126709,0.5471331855590524,0.8046875,0.7839135654261705
278,0.52058975678595,0.5464704480105016,0.8046875,0.7839135654261705
279,0.5199425407278587,0.5458082515374574,0.8046875,0.7839135654261705
280,0.5192957150897218,0.5451465980508593,0.8049879807692307,0.7839135654261705
281,0.518649280282748,0.544485489272986,0.8049879807692307,0.7839135654261705
282,0.5180032366707387,0.5438249267352404,0.8052884615384616,0.7839135654261705
283,0.5173575845635534,0.5431649117766212,0.8055889423076923,0.7851140456182473
284,0.5167123242113235,0.5425054455428636,0.8055889423076923,0.7851140456182473
285,0.5160674557993891,0.5418465289862244,0.8055889423076923,0.7851140456182473
286,0.51542297944395,0.5411881628658888,0.8055889423076923,0.7863145258103241
287,0.5147788951884014,0.5405303477489731,0.8055889423076923,0.7863145258103241
288,0.5141352030003378,0.5398730840120988,0.8058894230769231,0.7863145258103241
289,0.5134919027691994,0.5392163718435083,0.8061899038461539,0.7863145258103241
290,0.5128489943045356,0.5385602112456979,0.8064903846153846,0.787515006002401
291,0.5122064773348607,0.5379046020385361,0.8064903846153846,0.787515006002401
292,0.5115643515070731,0.5372495438628417,0.8064903846153846,0.787515006002401
293,0.5109226163864118,0.5365950361843912,0.8064903846153846,0.787515006002401
294,0.5102812714569205,0.5359410782983243,0.8067908653846154,0.787515006002401
295,0.5096403161223905,0.5352876693339216,0.8067908653846154,0.787515006002401
296,0.5089997497077543,0.5346348082597235,0.8067908653846154,0.787515006002401
297,0.508359571460899,0.5339824938889607,0.8079927884615384,0.787515006002401
298,0.5077197805548703,0.5333307248852681,0.8079927884615384,0.787515006002401
299,0.5070803760904409,0.5326794997686547,0.8079927884615384,0.7887154861944778
300,0.5064413570990092,0.5320288169217009,0.8082932692307693,0.7887154861944778
301,0.5058027225458049,0.5313786745959547,0.8082932692307693,0.7887154861944778
302,0.5051644713333712,0.5307290709185041,0.80859375,0.7887154861944778
303,0.5045266023052947,0.5300800038986964,0.80859375,0.7887154861944778
304,0.5038891142501618,0.5294314714349801,0.8088942307692307,0.7923169267707083
305,0.5032520059057092,0.5287834713218491,0.8100961538461539,0.7923169267707083
306,0.5026152759631484,0.5281360012568594,0.8100961538461539,0.7935174069627852
307,0.5019789230716383,0.527489058847705,0.8100961538461539,0.7947178871548619
308,0.5013429458428827,0.5268426416193229,0.8103966346153846,0.7959183673469388
309,0.5007073428558322,0.5261967470210158,0.8109975961538461,0.7959183673469388
310,0.5000721126614667,0.5255513724335661,0.8103966346153846,0.7959183673469388
311,0.49943725378764264,0.5249065151763286,0.8103966346153846,0.7959183673469388
312,0.49880276474398244,0.5242621725142844,0.8103966346153846,0.7959183673469388
313,0.49816864402679,0.523618341665037,0.8106971153846154,0.7959183673469388
314,0.4975348901239761,0.5229750198057399,0.8106971153846154,0.7959183673469388
315,0.496901501519978,0.5223322040799413,0.8106971153846154,0.7971188475390156
316,0.4962684767006568,0.5216898916043312,0.8106971153846154,0.7971188475390156
317,0.49563581415816305,0.5210480794753821,0.8106971153846154,0.7995198079231692
318,0.4950035123957536,0.5204067647758721,0.8109975961538461,0.7995198079231692
319,0.4943715699325533,0.5197659445812799,0.8109975961538461,0.7995198079231692
320,0.4937399853082467,0.5191256159660437,0.8109975961538461,0.7995198079231692
321,0.49310875708769325,0.5184857760096786,0.8118990384615384,0.7995198079231692
322,0.4924778838654566,0.5178464218027414,0.8118990384615384,0.7995198079231692
323,0.4918473642702405,0.5172075504526404,0.8118990384615384,0.7995198079231692
324,0.4912171969692244,0.5165691590892846,0.8118990384615384,0.7995198079231692
325,0.4905873806722936,0.5159312448705662,0.8125,0.7995198079231692
326,0.4899579141361575,0.5152938049876752,0.8125,0.7995198079231692
327,0.4893287961683527,0.5146568366702414,0.8128004807692307,0.7995198079231692
328,0.48870002563112724,0.5140203371913028,0.8128004807692307,0.7995198079231692
329,0.4880716014452019,0.5133843038720979,0.8128004807692307,0.7995198079231692
330,0.48744352259340734,0.5127487340866815,0.8128004807692307,0.7995198079231692
331,0.4868157881241943,0.5121136252663635,0.8128004807692307,0.7995198079231692
332,0.48618839715501555,0.5114789749039698,0.8131009615384616,0.7995198079231692
333,0.4855613488755799,0.5108447805579276,0.8131009615384616,0.7995198079231692
334,0.48493464255097635,0.5102110398561736,0.8131009615384616,0.7995198079231692
335,0.4843082775246681,0.5095777504998888,0.8131009615384616,0.7995198079231692
336,0.48368225322135994,0.5089449102670607,0.8131009615384616,0.7995198079231692
337,0.48305656914973466,0.5083125170158722,0.8131009615384616,0.7995198079231692
338,0.4824312249050644,0.5076805686879254,0.8131009615384616,0.7995198079231692
339,0.4818062201716948,0.5070490633112964,0.8131009615384616,0.7995198079231692
340,0.4811815547254049,0.5064179990034282,0.8134014423076923,0.7995198079231692
341,0.48055722843564486,0.505787373973863,0.8134014423076923,0.7995198079231692
342,0.4799332412676522,0.505157186526817,0.8134014423076923,0.7995198079231692
343,0.47930959328444944,0.5045274350636003,0.8137019230769231,0.8007202881152461
344,0.4786862846487252,0.5038981180848882,0.8137019230769231,0.8007202881152461
345,0.47806331562460097,0.5032692341928424,0.8137019230769231,0.8007202881152461
346,0.4774406865792857,0.5026407820930918,0.8137019230769231,0.8007202881152461
347,0.47681839798462133,0.5020127605965697,0.8137019230769231,0.8007202881152461
348,0.4761964504185214,0.5013851686212181,0.8137019230769231,0.8007202881152461
349,0.47557484456630394,0.5007580051935552,0.8140024038461539,0.8007202881152461
350,0.4749535812219242,0.5001312694501177,0.8140024038461539,0.8007202881152461
351,0.4743326612891062,0.4995049606387746,0.8146033653846154,0.8007202881152461
352,0.4737120857823789,0.4988790781199209,0.8155048076923077,0.8007202881152461
353,0.47309185582801616,0.4982536213675509,0.8167067307692307,0.8007202881152461
354,0.47247197266488616,0.49762858997021936,0.8170072115384616,0.801920768307323
355,0.47185243764521034,0.4970039836318886,0.8173076923076923,0.801920768307323
356,0.471233252235235,0.49637980217266875,0.8173076923076923,0.801920768307323
357,0.470614418015818,0.4957560455294534,0.8173076923076923,0.8031212484993998
358,0.4699959366829324,0.4951327137564534,0.8173076923076923,0.8031212484993998
359,0.4693778100480892,0.494509807025632,0.8173076923076923,0.8031212484993998
360,0.4687600400386811,0.4938873256270447,0.8176081730769231,0.8031212484993998
361,0.4681426286982502,0.49326526996908704,0.8182091346153846,0.8031212484993998
362,0.4675255781866791,0.49264364057865223,0.8182091346153846,0.8031212484993998
363,0.4669088907803103,0.4920224381012018,0.8182091346153846,0.8031212484993998
364,0.46629256887199294,0.49140166330075236,0.8185096153846154,0.8031212484993998
365,0.46567661497105967,0.49078131705978045,0.8188100961538461,0.8031212484993998
366,0.4650610317032352,0.4901614003790475,0.8191105769230769,0.8031212484993998
367,0.46444582181047683,0.489541914377348,0.8191105769230769,0.8043217286914766
368,0.46383098815075074,0.4889228602911828,0.8206129807692307,0.8043217286914766
369,0.4632165336977409,0.4883042394743598,0.8206129807692307,0.8043217286914766
370,0.46260246154049683,0.487686053397523,0.8206129807692307,0.8043217286914766
371,0.46198877488301804,0.4870683036476135,0.8206129807692307,0.8043217286914766
372,0.46137547704377563,0.4864509919272627,0.8206129807692307,0.8043217286914766
373,0.460762571455175,0.48583412005412036,0.8206129807692307,0.8043217286914766
374,0.46015006166295785,0.4852176899601191,0.8206129807692307,0.8043217286914766
375,0.4595379513255445,0.4846017036906761,0.8206129807692307,0.8067226890756303
376,0.45892624421331873,0.4839861634038345,0.8218149038461539,0.8067226890756303
377,0.4583149442078544,0.4833710713693448,0.8218149038461539,0.8067226890756303
378,0.45770405530108427,0.4827564299676893,0.8221153846153846,0.8067226890756303
379,0.4570935815944136,0.48214224168904896,0.8221153846153846,0.8067226890756303
380,0.4564835272977759,0.4815285091322142,0.8224158653846154,0.8067226890756303
381,0.45587389672863426,0.48091523500344313,0.8224158653846154,0.8067226890756303
382,0.4552646943109263,0.4803024221152646,0.8227163461538461,0.8067226890756303
383,0.454655924573956,0.4796900733852303,0.8230168269230769,0.8067226890756303
384,0.4540475921512285,0.4790781918346149,0.8230168269230769,0.8067226890756303
385,0.45343970177923376,0.47846678058706715,0.8230168269230769,0.8055222088835534
386,0.45283225829617435,0.4778558428672106,0.8218149038461539,0.8055222088835534
387,0.452225266640641,0.4772453819991972,0.8221153846153846,0.8055222088835534
388,0.451618731850235,0.47663540140521315,0.8221153846153846,0.8055222088835534
389,0.45101265906013804,0.47602590460393873,0.8221153846153846,0.8055222088835534
390,0.4504070535016304,0.47541689520896313,0.8221153846153846,0.8055222088835534
391,0.4498019205005566,0.47480837692715405,0.8227163461538461,0.8055222088835534
392,0.4491972654757411,0.47420035355698503,0.8227163461538461,0.8055222088835534
393,0.44859309393735186,0.47359282898681937,0.8227163461538461,0.8055222088835534
394,0.44798941148521504,0.4729858071931532,0.8227163461538461,0.8055222088835534
395,0.44738622380707915,0.4723792922388177,0.8224158653846154,0.8055222088835534
396,0.4467835366768303,0.4717732882711423,0.8224158653846154,0.8067226890756303
397,0.4461813559526594,0.4711677995200785,0.8230168269230769,0.8067226890756303
398,0.44557968757518124,0.4705628302962868,0.8230168269230769,0.8067226890756303
399,0.4449785375655064,0.46995838498918785,0.8230168269230769,0.8067226890756303
400,0.44437791202326776,0.4693544680649769,0.8230168269230769,0.8067226890756303
401,0.44377781712459996,0.46875108406460503,0.8230168269230769,0.8067226890756303
402,0.4431782591200765,0.46814823760172736,0.8236177884615384,0.8067226890756303
403,0.44257924433260076,0.4675459333606188,0.8239182692307693,0.8067226890756303
404,0.4419807791552569,0.4669441760940598,0.8248197115384616,0.8067226890756303
405,0.44138287004911714,0.4663429706211924,0.8251201923076923,0.8067226890756303
406,0.44078552354100986,0.4657423218253481,0.8251201923076923,0.8067226890756303
407,0.44018874622124793,0.46514223465184934,0.8254206730769231,0.8067226890756303
408,0.4395925447413193,0.464542714105785,0.8266225961538461,0.8067226890756303
409,0.43899692581154065,0.46394376524976233,0.8272235576923077,0.8091236494597839
410,0.4384018961986754,0.46334539320163615,0.8275240384615384,0.8091236494597839
411,0.4378074627235188,0.4627476031322165,0.8275240384615384,0.8091236494597839
412,0.4372136322584494,0.4621504002629573,0.828125,0.8091236494597839
413,0.4366204117249497,0.461553789863626,0.828125,0.8103241296518607
414,0.4360278080910985,0.4609577772499576,0.8284254807692307,0.8103241296518607
415,0.4354358283690345,0.4603623677812925,0.8284254807692307,0.8103241296518607
416,0.4348444796123938,0.4597675668582018,0.8287259615384616,0.8103241296518607
417,0.43425376891372375,0.4591733799201004,0.8287259615384616,0.8115246098439376
418,0.4336637034018739,0.45857981244284973,0.8290264423076923,0.8115246098439376
419,0.43307429023936617,0.45798686993635235,0.8296274038461539,0.8115246098439376
420,0.4324855366197465,0.4573945579421393,0.8299278846153846,0.8127250900360145
421,0.4318974497649193,0.4568028820309525,0.8299278846153846,0.8127250900360145
422,0.4313100369224669,0.4562118478003234,0.8305288461538461,0.8127250900360145
423,0.4307233053629563,0.45562146087215094,0.8305288461538461,0.8127250900360145
424,0.4301372623772344,0.45503172689027727,0.8311298076923077,0.8127250900360145
425,0.42955191527371467,0.45444265151806773,0.8311298076923077,0.8127250900360145
426,0.4289672713756571,0.45385424043599226,0.8317307692307693,0.8127250900360145
427,0.42838333801844203,0.4532664993392133,0.8317307692307693,0.8127250900360145
428,0.42780012254684247,0.4526794339351792,0.8317307692307693,0.8127250900360145
429,0.42721763231229587,0.4520930499412276,0.8317307692307693,0.8127250900360145
430,0.42663587467017533,0.45150735308219797,0.8326322115384616,0.8127250900360145
431,0.4260548569770666,0.4509223490880563,0.8326322115384616,0.8139255702280912
432,0.4254745865880494,0.45033804369153385,0.8332331730769231,0.8139255702280912
433,0.4248950708539861,0.44975444262578085,0.8338341346153846,0.8139255702280912
434,0.42431631711882145,0.4491715516220366,0.8341346153846154,0.8151260504201681
435,0.4237383327168929,0.4485893764073186,0.8350360576923077,0.8151260504201681
436,0.4231611249702544,0.44800792270213186,0.8350360576923077,0.8151260504201681
437,0.4225847011860183,0.4474271962181985,0.8350360576923077,0.8151260504201681
438,0.4220090686537127,0.44684720265621247,0.8362379807692307,0.8151260504201681
439,0.42143423464265967,0.44626794770361694,0.8371394230769231,0.8151260504201681
440,0.4208602063993754,0.4456894370324086,0.8374399038461539,0.8163265306122449
441,0.42028699114499407,0.4451116762969692,0.8374399038461539,0.8163265306122449
442,0.41971459607271716,0.44453467113192546,0.8377403846153846,0.8163265306122449
443,0.4191430283452898,0.44395842715003975,0.8374399038461539,0.8163265306122449
444,0.41857229509250765,0.443382949940131,0.8377403846153846,0.8163265306122449
445,0.4180024034087532,0.4428082450650297,0.8380408653846154,0.8187274909963985
446,0.41743336035056644,0.44223431805956476,0.8386418269230769,0.8187274909963985
447,0.416865172934248,0.4416611744285865,0.8386418269230769,0.8187274909963985
448,0.41629784813350024,0.441088819645025,0.8389423076923077,0.8199279711884754
449,0.4157313928771044,0.4405172591479858,0.8392427884615384,0.8211284513805522
450,0.4151658140466379,0.43994649834088306,0.8407451923076923,0.8211284513805522
451,0.41460111847423076,0.4393765425896116,0.8413461538461539,0.8211284513805522
452,0.4140373129403655,0.4388073972207589,0.8413461538461539,0.8223289315726291
453,0.4134744041717186,0.43823906751985725,0.8419471153846154,0.8223289315726291
454,0.4129123988390476,0.43767155872967717,0.8419471153846154,0.8223289315726291
455,0.4123513035551231,0.4371048760485636,0.8419471153846154,0.8223289315726291
456,0.4117911248727076,0.43653902462881294,0.8419471153846154,0.8223289315726291
457,0.41123186928258226,0.43597400957509524,0.8419471153846154,0.8223289315726291
458,0.4106735432116225,0.435409835942919,0.8422475961538461,0.8223289315726291
459,0.4101161530209228,0.4348465087371398,0.8422475961538461,0.8223289315726291
460,0.4095597050039724,0.4342840329105148,0.8425480769230769,0.8235294117647058
461,0.4090042053848826,0.43372241336230155,0.8428485576923077,0.8235294117647058
462,0.4084496603166655,0.4331616549369017,0.8428485576923077,0.8235294117647058
463,0.4078960758795657,0.43260176242255083,0.8431490384615384,0.8235294117647058
464,0.40734345807944544,0.43204274055005454,0.84375,0.8235294117647058
465,0.4067918128462235,0.4314845939915696,0.8440504807692307,0.8235294117647058
466,0.4062411460323681,0.4309273273594314,0.8449519230769231,0.8235294117647058
467,0.4056914634114447,0.4303709452050281,0.8455528846153846,0.8247298919567827
468,0.40514277067671867,0.42981545201772026,0.8458533653846154,0.8247298919567827
469,0.40459507343981344,0.4292608522238072,0.8461538461538461,0.8247298919567827
470,0.4040483772294232,0.42870715018553895,0.8464543269230769,0.8247298919567827
471,0.40350268749008306,0.4281543502001742,0.8467548076923077,0.8247298919567827
472,0.40295800958099165,0.4276024564990846,0.8473557692307693,0.8247298919567827
473,0.4024143487748935,0.42705147324690373,0.8479567307692307,0.8259303721488596
474,0.40187171025701285,0.4265014045407225,0.8479567307692307,0.8271308523409364
475,0.40133009912404616,0.4259522544093279,0.8485576923076923,0.8271308523409364
476,0.40078952038320836,0.4254040268124887,0.8485576923076923,0.82953181272509
477,0.40024997895133424,0.4248567256402836,0.8485576923076923,0.82953181272509
478,0.39971147965403536,0.42431035471247447,0.8488581730769231,0.82953181272509
479,0.399174027224911,0.4237649177779226,0.8488581730769231,0.82953181272509
480,0.3986376263048135,0.423220418514048,0.8488581730769231,0.82953181272509
481,0.3981022814411673,0.422676860526332,0.8491586538461539,0.82953181272509
482,0.3975679970873413,0.4221342473478608,0.8494591346153846,0.82953181272509
483,0.3970347776020738,0.42159258243891173,0.8494591346153846,0.82953181272509
484,0.3965026272489506,0.42105186918657944,0.8494591346153846,0.82953181272509
485,0.3959715501959331,0.4205121109044434,0.8494591346153846,0.82953181272509
486,0.3954415505149396,0.4199733108322739,0.8494591346153846,0.82953181272509
487,0.39491263218147493,0.419435472135779,0.8494591346153846,0.82953181272509
488,0.39438479907431145,0.418898597906388,0.8506610576923077,0.8307322929171669
489,0.393858054975218,0.4183626911610737,0.8509615384615384,0.8307322929171669
490,0.3933324035687376,0.4178277548422121,0.8512620192307693,0.8307322929171669
491,0.3928078484420128,0.41729379181747717,0.8515625,0.8307322929171669
492,0.3922843930846564,0.41676080487977285,0.8515625,0.8307322929171669
493,0.3917620408886701,0.4162287967471984,0.8515625,0.8307322929171669
494,0.3912407951484063,0.4156977700630497,0.8515625,0.8307322929171669
495,0.39072065906057485,0.41516772739585156,0.8515625,0.8307322929171669
496,0.3902016357242927,0.4146386712394255,0.8515625,0.8307322929171669
497,0.3896837281411757,0.4141106040129866,0.8515625,0.8307322929171669
498,0.38916693921547296,0.41358352806127413,0.8518629807692307,0.8307322929171669
499,0.3886512717542389,0.41305744565470964,0.8521634615384616,0.8307322929171669
500,0.388136728467548,0.41253235898958746,0.8521634615384616,0.8307322929171669
501,0.38762331196874533,0.4120082701882914,0.8521634615384616,0.8307322929171669
502,0.38711102477473625,0.4114851812995408,0.8536658653846154,0.8307322929171669
503,0.38659986930631185,0.4109630942986637,0.8542668269230769,0.8307322929171669
504,0.3860898478885097,0.4104420110878952,0.8545673076923077,0.8319327731092437
505,0.38558096275100967,0.4099219334967026,0.8545673076923077,0.8319327731092437
506,0.3850732160285632,0.4094028632821343,0.8545673076923077,0.8331332533013205
507,0.3845666097614541,0.40888480212919376,0.8548677884615384,0.8331332533013205
508,0.3840611458959922,0.40836775165123473,0.8548677884615384,0.8331332533013205
509,0.3835568262850361,0.40785171339038107,0.85546875,0.8331332533013205
510,0.38305365268854646,0.40733668881796603,0.8557692307692307,0.8331332533013205
511,0.382551626774167,0.40682267933499405,0.8557692307692307,0.8331332533013205
512,0.3820507501178333,0.406309686272621,0.8563701923076923,0.8331332533013205
513,0.38155102420440745,0.405797710892655,0.8563701923076923,0.8331332533013205
514,0.3810524504283394,0.4052867543880747,0.8563701923076923,0.8331332533013205
515,0.3805550300943508,0.40477681788356595,0.8563701923076923,0.8331332533013205
516,0.3800587644181442,0.4042679024360748,0.8566706730769231,0.8331332533013205
517,0.37956365452713364,0.4037600090353776,0.8566706730769231,0.8343337334933973
518,0.37906970146119673,0.40325313860466555,0.8566706730769231,0.8355342136854742
519,0.37857690617344786,0.4027472920011447,0.8575721153846154,0.8355342136854742
520,0.37808526953103055,0.40224247001665026,0.8578725961538461,0.8355342136854742
521,0.37759479231592874,0.4017386733782736,0.8578725961538461,0.8355342136854742
522,0.3771054752257955,0.40123590274900217,0.8599759615384616,0.8355342136854742
523,0.37661731887479916,0.4007341587283716,0.8599759615384616,0.8355342136854742
524,0.3761303237944842,0.40023344185312926,0.8599759615384616,0.8355342136854742
525,0.37564449043464887,0.39973375259790805,0.8599759615384616,0.8355342136854742
526,0.37515981916423563,0.3992350913759108,0.8599759615384616,0.8355342136854742
527,0.3746763102722353,0.39873745853960335,0.8599759615384616,0.8355342136854742
528,0.37419396396860405,0.3982408543814172,0.8599759615384616,0.8355342136854742
529,0.37371278038519157,0.39774527913445984,0.8599759615384616,0.8355342136854742
530,0.37323275957668023,0.39725073297323293,0.8611778846153846,0.8355342136854742
531,0.3727539015215342,0.39675721601435754,0.8611778846153846,0.8355342136854742
532,0.37227620612295853,0.3962647283173054,0.8614783653846154,0.8355342136854742
533,0.37179967320986546,0.39577326988513656,0.8614783653846154,0.8355342136854742
534,0.37132430253784926,0.3952828406652416,0.8617788461538461,0.8367346938775511
535,0.3708500937901683,0.3947934405500904,0.8623798076923077,0.8367346938775511
536,0.370377046578733,0.3943050693779828,0.8626802884615384,0.8367346938775511
537,0.36990516044509947,0.3938177269338048,0.8626802884615384,0.8367346938775511
538,0.369434434861468,0.3933314129497875,0.8626802884615384,0.8379351740696278
539,0.36896486923168614,0.39284612710626854,0.8626802884615384,0.8379351740696278
540,0.36849646289225496,0.39236186903245673,0.8626802884615384,0.8379351740696278
541,0.3680292151133387,0.39187863830719727,0.86328125,0.8379351740696278
542,0.3675631250997767,0.3913964344597399,0.86328125,0.8391356542617047
543,0.3670981919920968,0.3909152569705068,0.86328125,0.8391356542617047
544,0.3666344148675304,0.3904351052718617,0.86328125,0.8403361344537815
545,0.36617179274102796,0.38995597874887944,0.8638822115384616,0.8403361344537815
546,0.36571032456627406,0.38947787674011447,0.8638822115384616,0.8403361344537815
547,0.36525000923670364,0.38900079853836944,0.8638822115384616,0.8403361344537815
548,0.3647908455865155,0.3885247433914628,0.8638822115384616,0.8403361344537815
549,0.3643328323916852,0.388049710502995,0.8638822115384616,0.8415366146458584
550,0.3638759683709759,0.3875756990331125,0.8644831730769231,0.8415366146458584
551,0.3634202521869475,0.38710270809927105,0.8644831730769231,0.8415366146458584
552,0.3629656824469621,0.38663073677699517,0.8644831730769231,0.8415366146458584
553,0.3625122577041859,0.38615978410063634,0.8647836538461539,0.8403361344537815
554,0.36205997645858917,0.3856898490641274,0.8647836538461539,0.8403361344537815
555,0.3616088371579407,0.38522093062173396,0.8647836538461539,0.8403361344537815
556,0.3611588381987977,0.38475302768880276,0.8653846153846154,0.8403361344537815
557,0.36070997792749243,0.3842861391425057,0.8653846153846154,0.8403361344537815
558,0.3602622546411118,0.38382026382258017,0.8653846153846154,0.8403361344537815
559,0.35981566658847336,0.38335540053206524,0.8653846153846154,0.8403361344537815
560,0.35937021197109353,0.38289154803803316,0.8653846153846154,0.8403361344537815
561,0.3589258889441517,0.3824287050723164,0.8653846153846154,0.8403361344537815
562,0.3584826956174468,0.38196687033222965,0.8653846153846154,0.8403361344537815
563,0.35804063005634673,0.38150604248128633,0.8656850961538461,0.8403361344537815
564,0.35759969028273264,0.3810462201499112,0.8656850961538461,0.8403361344537815
565,0.3571598742759342,0.3805874019361452,0.8656850961538461,0.8403361344537815
566,0.35672117997365826,0.38012958640634703,0.8662860576923077,0.8403361344537815
567,0.3562836052729102,0.37967277209588735,0.8665865384615384,0.8403361344537815
568,0.35584714803090667,0.3792169575098376,0.8677884615384616,0.8427370948379351
569,0.35541180606598066,0.3787621411236523,0.8683894230769231,0.8427370948379351
570,0.35497757715847833,0.378308321383846,0.8683894230769231,0.8427370948379351
571,0.3545444590516472,0.37785549670866275,0.8683894230769231,0.8427370948379351
572,0.3541124494525163,0.3774036654887392,0.8683894230769231,0.8427370948379351
573,0.35368154603276647,0.37695282608776254,0.8683894230769231,0.8427370948379351
574,0.35325174642959306,0.37650297684311906,0.8683894230769231,0.8427370948379351
575,0.352823048246559,0.37605411606653877,0.8686899038461539,0.8427370948379351
576,0.35239544905443815,0.37560624204473103,0.8689903846153846,0.8427370948379351
577,0.35196894639205045,0.3751593530400134,0.8689903846153846,0.8427370948379351
578,0.351543537767087,0.37471344729093525,0.8689903846153846,0.8427370948379351
579,0.3511192206569261,0.3742685230128912,0.8689903846153846,0.8427370948379351
580,0.3506959925094388,0.37382457839873023,0.8689903846153846,0.8427370948379351
581,0.35027385074378636,0.3733816116193555,0.8689903846153846,0.8427370948379351
582,0.3498527927512069,0.37293962082431764,0.8689903846153846,0.8427370948379351
583,0.3494328158957922,0.37249860414240105,0.8689903846153846,0.843937575030012
584,0.34901391751525557,0.372058559682202,0.8692908653846154,0.843937575030012
585,0.3485960949216888,0.37161948553269963,0.8692908653846154,0.843937575030012
586,0.3481793454023104,0.37118137976381926,0.8692908653846154,0.843937575030012
587,0.3477636662202025,0.37074424042698906,0.8692908653846154,0.843937575030012
588,0.3473490546150397,0.3703080655556877,0.8695913461538461,0.843937575030012
589,0.34693550780380555,0.36987285316598595,0.8695913461538461,0.843937575030012
590,0.3465230229815013,0.3694386012570797,0.8695913461538461,0.843937575030012
591,0.34611159732184327,0.36900530781181606,0.8695913461538461,0.843937575030012
592,0.34570122797795105,0.3685729707972111,0.8695913461538461,0.843937575030012
593,0.34529191208302523,0.3681415881649616,0.8695913461538461,0.843937575030012
594,0.34488364675101535,0.36771115785194775,0.8698918269230769,0.843937575030012
595,0.34447642907727816,0.3672816777807284,0.8698918269230769,0.843937575030012
596,0.34407025613922526,0.36685314586003026,0.8698918269230769,0.843937575030012
597,0.343665124996962,0.36642555998522797,0.8698918269230769,0.843937575030012
598,0.3432610326939156,0.36599891803881723,0.8698918269230769,0.843937575030012
599,0.342857976257454,0.3655732178908815,0.8698918269230769,0.843937575030012
600,0.34245595269949436,0.3651484573995496,0.8701923076923077,0.843937575030012
601,0.34205495901710276,0.36472463441144715,0.8701923076923077,0.843937575030012
602,0.3416549921930836,0.3643017467621401,0.8701923076923077,0.843937575030012
603,0.34125604919655916,0.3638797922765718,0.8701923076923077,0.843937575030012
604,0.3408581269835406,0.3634587687694916,0.8701923076923077,0.843937575030012
605,0.3404612224974888,0.3630386740458769,0.8701923076923077,0.843937575030012
606,0.3400653326698654,0.3626195059013482,0.8701923076923077,0.843937575030012
607,0.33967045442067567,0.3622012621225771,0.8701923076923077,0.843937575030012
608,0.33927658465900085,0.3617839404876864,0.8701923076923077,0.843937575030012
609,0.33888372028352254,0.36136753876664446,0.8701923076923077,0.843937575030012
610,0.3384918581830367,0.36095205472165137,0.8701923076923077,0.843937575030012
611,0.3381009952369595,0.3605374861075191,0.8701923076923077,0.843937575030012
612,0.33771112831582395,0.3601238306720448,0.8701923076923077,0.843937575030012
613,0.3373222542817677,0.35971108615637626,0.8701923076923077,0.843937575030012
614,0.3369343699890118,0.3592992502953726,0.8701923076923077,0.843937575030012
615,0.33654747228433124,0.3588883208179562,0.8704927884615384,0.843937575030012
616,0.3361615580075162,0.35847829544745974,0.8707932692307693,0.843937575030012
617,0.33577662399182573,0.3580691719019656,0.87109375,0.8451380552220888
618,0.33539266706443177,0.3576609478946395,0.87109375,0.8451380552220888
619,0.3350096840468562,0.3572536211340575,0.87109375,0.8451380552220888
620,0.3346276717553983,0.35684718932452664,0.87109375,0.8451380552220888
621,0.33424662700155494,0.35644165016639956,0.87109375,0.8451380552220888
622,0.33386654659243303,0.35603700135638283,0.87109375,0.8451380552220888
623,0.33348742733115233,0.35563324058783896,0.87109375,0.8463385354141657
624,0.3331092660172425,0.35523036555108317,0.8716947115384616,0.8463385354141657
625,0.33273205944703116,0.35482837393367256,0.8716947115384616,0.8463385354141657
626,0.3323558044140242,0.3544272634206922,0.8716947115384616,0.8463385354141657
627,0.3319804977092791,0.3540270316950322,0.8716947115384616,0.8463385354141657
628,0.3316061361217711,0.3536276764376613,0.8716947115384616,0.8463385354141657
629,0.33123271643875035,0.35322919532789426,0.8716947115384616,0.8463385354141657
630,0.33086023544609394,0.352831586043653,0.8716947115384616,0.8463385354141657
631,0.3304886899286491,0.35243484626172344,0.8716947115384616,0.8475390156062425
632,0.3301180766705703,0.35203897365800557,0.8719951923076923,0.8475390156062425
633,0.3297483924556488,0.3516439659077593,0.8719951923076923,0.8475390156062425
634,0.3293796340676359,0.35124982068584454,0.8719951923076923,0.8475390156062425
635,0.3290117982905587,0.35085653566695596,0.8719951923076923,0.8475390156062425
636,0.3286448819090302,0.35046410852585286,0.8719951923076923,0.8475390156062425
637,0.3282788817085516,0.35007253693758417,0.8722956730769231,0.8475390156062425
638,0.3279137944758092,0.349681818577708,0.8722956730769231,0.8475390156062425
639,0.32754961699896445,0.34929195112250633,0.8722956730769231,0.8475390156062425
640,0.32718634606793773,0.34890293224919583,0.8722956730769231,0.8475390156062425
641,0.3268239784746857,0.34851475963613204,0.8722956730769231,0.8475390156062425
642,0.32646251101347384,0.34812743096301135,0.8722956730769231,0.8499399759903962
643,0.326101940481141,0.34774094391106597,0.8722956730769231,0.8499399759903962
644,0.32574226367735964,0.3473552961632558,0.8722956730769231,0.8499399759903962
645,0.32538347740488993,0.3469704854044558,0.8725961538461539,0.8499399759903962
646,0.32502557846982744,0.3465865093216379,0.8725961538461539,0.8499399759903962
647,0.32466856368184677,0.34620336560405035,0.8725961538461539,0.8499399759903962
648,0.3243124298544375,0.3458210519433909,0.8731971153846154,0.8499399759903962
649,0.32395717380513667,0.3454395660339771,0.8731971153846154,0.851140456182473
650,0.32360279235575545,0.34505890557291224,0.8731971153846154,0.851140456182473
651,0.3232492823325993,0.34467906826024713,0.8731971153846154,0.851140456182473
652,0.32289664056668516,0.34430005179913764,0.8731971153846154,0.8523409363745498
653,0.32254486389395165,0.3439218538959987,0.8737980769230769,0.8523409363745498
654,0.3221939491554654,0.3435444722606546,0.8737980769230769,0.8535414165666266
655,0.32184389319762235,0.3431679046064852,0.8740985576923077,0.8535414165666266
656,0.3214946928723437,0.34279214865056845,0.8740985576923077,0.8535414165666266
657,0.321146345037268,0.34241720211381926,0.8740985576923077,0.8535414165666266
658,0.32079884655593766,0.3420430627211251,0.8743990384615384,0.8535414165666266
659,0.32045219429798183,0.3416697282014781,0.8743990384615384,0.8535414165666266
660,0.3201063851392947,0.34129719628810273,0.8743990384615384,0.8535414165666266
661,0.3197614159622083,0.34092546471858187,0.875,0.8535414165666266
662,0.3194172836556625,0.34055453123497725,0.8753004807692307,0.8535414165666266
663,0.31907398511537005,0.3401843935839496,0.8753004807692307,0.8535414165666266
664,0.31873151724397725,0.3398150495168722,0.8756009615384616,0.8535414165666266
665,0.31838987695122134,0.339446496789944,0.8756009615384616,0.8535414165666266
666,0.3180490611540831,0.3390787331642983,0.8756009615384616,0.8535414165666266
667,0.317709066776936,0.33871175640610895,0.8759014423076923,0.8535414165666266
668,0.3173698907516913,0.33834556428669277,0.8759014423076923,0.8535414165666266
669,0.3170315300179396,0.3379801545826108,0.8759014423076923,0.8535414165666266
670,0.31669398152308836,0.33761552507576376,0.8759014423076923,0.8535414165666266
671,0.316357242222496,0.33725167355348834,0.8762019230769231,0.8535414165666266
672,0.3160213090796027,0.33688859780864727,0.8762019230769231,0.8535414165666266
673,0.31568617906605717,0.3365262956397192,0.8762019230769231,0.8535414165666266
674,0.31535184916184017,0.33616476485088465,0.8771033653846154,0.8535414165666266
675,0.31501831635538496,0.3358040032521093,0.8771033653846154,0.8535414165666266
676,0.31468557764369437,0.3354440086592261,0.8771033653846154,0.8535414165666266
677,0.31435363003245415,0.3350847788940123,0.8771033653846154,0.8535414165666266
678,0.3140224705361437,0.3347263117842671,0.8771033653846154,0.8535414165666266
679,0.31369209617814375,0.3343686051638845,0.8771033653846154,0.8535414165666266
680,0.3133625039908404,0.3340116568729246,0.8771033653846154,0.8535414165666266
681,0.3130336910157267,0.3336554647576831,0.8771033653846154,0.8535414165666266
682,0.3127056543035011,0.3333000266707572,0.8771033653846154,0.8535414165666266
683,0.3123783909141632,0.33294534047111096,0.8771033653846154,0.8535414165666266
684,0.3120518979171064,0.3325914040241372,0.8774038461538461,0.8547418967587035
685,0.31172617239120787,0.3322382152017173,0.8786057692307693,0.8547418967587035
686,0.31140121142491617,0.33188577188227963,0.8786057692307693,0.8547418967587035
687,0.31107701211633576,0.33153407195085527,0.8786057692307693,0.8547418967587035
688,0.31075357157330896,0.33118311329913214,0.8786057692307693,0.8547418967587035
689,0.3104308869134957,0.3308328938255065,0.87890625,0.8547418967587035
690,0.31010895526445037,0.3304834114351333,0.87890625,0.8547418967587035
691,0.30978777376369665,0.33013466403997377,0.8792067307692307,0.8547418967587035
692,0.3094673395587995,0.32978664955884235,0.8792067307692307,0.8547418967587035
693,0.30914764980743503,0.32943936591744977,0.8792067307692307,0.8571428571428571
694,0.3088287016774579,0.32909281104844657,0.8792067307692307,0.8571428571428571
695,0.3085104923469669,0.3287469828914633,0.8798076923076923,0.8571428571428571
696,0.30819301900436785,0.3284018793931497,0.8798076923076923,0.8571428571428571
697,0.3078762788484341,0.3280574985072117,0.8798076923076923,0.8571428571428571
698,0.30756026908836587,0.32771383819444716,0.8798076923076923,0.8571428571428571
699,0.3072449869438465,0.3273708964227795,0.8798076923076923,0.8571428571428571
700,0.3069304296450972,0.32702867116729056,0.8798076923076923,0.8559423769507803
701,0.30661659443292966,0.32668716041025064,0.8795072115384616,0.8559423769507803
702,0.30630347855879647,0.326346362141148,0.8795072115384616,0.8559423769507803
703,0.30599107928484015,0.3260062743567163,0.8795072115384616,0.8559423769507803
704,0.3056793938839394,0.3256668950609609,0.8795072115384616,0.8559423769507803
705,0.3053684196397547,0.3253282222651835,0.8795072115384616,0.8559423769507803
706,0.30505815384677115,0.32499025398800496,0.8795072115384616,0.8559423769507803
707,0.30474859381033953,0.3246529882553872,0.8795072115384616,0.8559423769507803
708,0.30443973684671627,0.3243164231006539,0.8795072115384616,0.8559423769507803
709,0.3041315802831012,0.3239805565645091,0.8795072115384616,0.8559423769507803
710,0.30382412145767357,0.3236453866950549,0.8795072115384616,0.8559423769507803
711,0.3035173577196268,0.32331091154780806,0.8795072115384616,0.8559423769507803
712,0.30321128642920125,0.3229771291857145,0.8795072115384616,0.8559423769507803
713,0.30290590495771563,0.32264403767916344,0.8795072115384616,0.8559423769507803
714,0.30260121068759666,0.32231163510599975,0.8795072115384616,0.8559423769507803
715,0.3022972010124074,0.3219799195515352,0.8795072115384616,0.8559423769507803
716,0.30199387333687383,0.3216488891085586,0.8795072115384616,0.8559423769507803
717,0.3016912250769102,0.32131854187734427,0.8795072115384616,0.8559423769507803
718,0.3013892536596429,0.3209888759656601,0.8795072115384616,0.8559423769507803
719,0.3010879565234327,0.32065988948877416,0.8795072115384616,0.8571428571428571
720,0.3007873311178957,0.3203315805694595,0.8795072115384616,0.8571428571428571
721,0.30048737490392297,0.32000394733799886,0.8795072115384616,0.8571428571428571
722,0.30018808535369934,0.31967698793218824,0.8795072115384616,0.8571428571428571
723,0.29988945995071925,0.31935070049733766,0.8795072115384616,0.8571428571428571
724,0.29959149618980335,0.31902508318627365,0.8795072115384616,0.8571428571428571
725,0.29929419157711273,0.3187001341593387,0.8795072115384616,0.8571428571428571
726,0.29899754363016134,0.3183758515843896,0.8795072115384616,0.8571428571428571
727,0.298701549877829,0.3180522336367966,0.8795072115384616,0.8571428571428571
728,0.2984062078603711,0.3177292784994393,0.8795072115384616,0.8571428571428571
729,0.2981115151294286,0.31740698436270326,0.8795072115384616,0.8571428571428571
730,0.29781746924803626,0.3170853494244749,0.8795072115384616,0.8571428571428571
731,0.2975240677906299,0.31676437189013507,0.8795072115384616,0.8571428571428571
732,0.29723130834305206,0.31644404997255304,0.8795072115384616,0.8571428571428571
733,0.29693918850255735,0.3161243818920782,0.8795072115384616,0.8571428571428571
734,0.29664770587781636,0.31580536587653124,0.8795072115384616,0.8571428571428571
735,0.2963568580889178,0.31548700016119474,0.8795072115384616,0.8571428571428571
736,0.29606664276737094,0.31516928298880315,0.8795072115384616,0.8571428571428571
737,0.2957770575561058,0.3148522126095303,0.8795072115384616,0.8571428571428571
738,0.295488100109473,0.3145357872809787,0.8795072115384616,0.8571428571428571
739,0.29519976809324233,0.3142200052681652,0.8795072115384616,0.8571428571428571
740,0.29491205918460023,0.31390486484350805,0.8795072115384616,0.8571428571428571
741,0.2946249710721468,0.3135903642868115,0.8795072115384616,0.8571428571428571
742,0.2943385014558911,0.31327650188525075,0.8795072115384616,0.858343337334934
743,0.2940526480472459,0.31296327593335577,0.8804086538461539,0.858343337334934
744,0.29376740856902206,0.3126506847329939,0.8804086538461539,0.858343337334934
745,0.2934827807554206,0.31233872659335193,0.8807091346153846,0.858343337334934
746,0.29319876235202513,0.31202739983091804,0.8807091346153846,0.858343337334934
747,0.29291535111579275,0.3117167027694621,0.8807091346153846,0.858343337334934
748,0.29263254481504425,0.31140663374001537,0.8807091346153846,0.858343337334934
749,0.2923503412294535,0.31109719108085004,0.8807091346153846,0.858343337334934
750,0.2920687381500358,0.3107883731374574,0.8807091346153846,0.858343337334934
751,0.2917877333791355,0.3104801782625259,0.8807091346153846,0.8595438175270108
752,0.2915073247304124,0.31017260481591774,0.8810096153846154,0.8607442977190877
753,0.2912275100288283,0.30986565116464576,0.8810096153846154,0.8607442977190877
754,0.2909482871106316,0.30955931568284867,0.8810096153846154,0.8607442977190877
755,0.2906696538233416,0.3092535967517661,0.8810096153846154,0.8607442977190877
756,0.2903916080257322,0.30894849275971303,0.8810096153846154,0.8607442977190877
757,0.29011414758781456,0.30864400210205345,0.8813100961538461,0.8607442977190877
758,0.2898372703908186,0.30834012318117343,0.8813100961538461,0.8607442977190877
759,0.28956097432717465,0.3080368544064531,0.8816105769230769,0.8607442977190877
760,0.2892852573004933,0.307734194194239,0.8816105769230769,0.8607442977190877
761,0.2890101172255454,0.30743214096781474,0.8816105769230769,0.8607442977190877
762,0.2887355520282409,0.30713069315737185,0.8816105769230769,0.8607442977190877
763,0.28846155964560644,0.3068298491999794,0.8816105769230769,0.8607442977190877
764,0.28818813802576326,0.30652960753955333,0.8816105769230769,0.8607442977190877
765,0.28791528512790365,0.30622996662682556,0.8816105769230769,0.8607442977190877
766,0.2876429989222668,0.3059309249193115,0.8816105769230769,0.8619447779111644
767,0.2873712773901141,0.3056324808812784,0.8819110576923077,0.8619447779111644
768,0.2871001185237034,0.3053346329837118,0.8819110576923077,0.8619447779111644
769,0.28682952032626324,0.3050373797042817,0.8819110576923077,0.8619447779111644
770,0.2865594808119655,0.30474071952730947,0.8819110576923077,0.8619447779111644
771,0.286289998005898,0.30444465094373246,0.8819110576923077,0.8619447779111644
772,0.28602106994403637,0.304149172451069,0.8822115384615384,0.8619447779111644
773,0.2857526946732148,0.30385428255338265,0.8822115384615384,0.8619447779111644
774,0.2854848702510965,0.3035599797612463,0.8822115384615384,0.8619447779111644
775,0.2852175947461435,0.30326626259170514,0.8822115384615384,0.8619447779111644
776,0.28495086623758564,0.30297312956823974,0.8822115384615384,0.8619447779111644
777,0.28468468281538906,0.30268057922072794,0.8822115384615384,0.8619447779111644
778,0.28441904258022377,0.3023886100854072,0.8822115384615384,0.8619447779111644
779,0.28415394364343066,0.3020972207048355,0.8822115384615384,0.8619447779111644
780,0.28388938412698833,0.30180640962785266,0.8822115384615384,0.8619447779111644
781,0.28362536216347844,0.3015161754095401,0.8822115384615384,0.8619447779111644
782,0.28336187589605133,0.30122651661118177,0.8822115384615384,0.8619447779111644
783,0.28309892347839016,0.30093743180022264,0.8822115384615384,0.8619447779111644
784,0.28283650307467517,0.30064891955022877,0.8822115384615384,0.8619447779111644
785,0.2825746128595467,0.30036097844084525,0.8822115384615384,0.8619447779111644
786,0.2823132510180682,0.3000736070577548,0.8834134615384616,0.8619447779111644
787,0.28205241574568796,0.2997868039926356,0.8834134615384616,0.8619447779111644
788,0.28179210524820075,0.29950056784311857,0.8834134615384616,0.8619447779111644
789,0.281532317741709,0.29921489721274463,0.8834134615384616,0.8631452581032413
790,0.28127305145258225,0.2989297907109215,0.8834134615384616,0.8631452581032413
791,0.28101430461741767,0.2986452469528795,0.8834134615384616,0.8631452581032413
792,0.2807560754829988,0.2983612645596279,0.8834134615384616,0.8631452581032413
793,0.28049836230625397,0.29807784215791044,0.8837139423076923,0.8631452581032413
794,0.28024116335421434,0.2977949783801604,0.8837139423076923,0.8631452581032413
795,0.27998447690397105,0.2975126718644556,0.8837139423076923,0.8631452581032413
796,0.27972830124263226,0.2972309212544731,0.8837139423076923,0.8631452581032413
797,0.2794726346672792,0.29694972519944307,0.8837139423076923,0.8631452581032413
798,0.27921747548492154,0.29666908235410294,0.8834134615384616,0.8631452581032413
799,0.2789628220124529,0.29638899137865127,0.8834134615384616,0.8679471788715486
800,0.27870867257660503,0.2961094509387005,0.8846153846153846,0.8715486194477791
801,0.2784550255139019,0.29583045970523053,0.8855168269230769,0.8715486194477791
802,0.27820187917061273,0.2955520163545411,0.8855168269230769,0.8715486194477791
803,0.27794923190270543,0.29527411956820454,0.8855168269230769,0.8715486194477791
804,0.2776970820757983,0.29499676803301794,0.8855168269230769,0.8715486194477791
805,0.27744542806511224,0.2947199604409551,0.8855168269230769,0.8715486194477791
806,0.27719426825542165,0.2944436954891183,0.8858173076923077,0.8715486194477791
807,0.27694360104100507,0.29416797187968996,0.8858173076923077,0.8715486194477791
808,0.2766934248255957,0.29389278831988386,0.8858173076923077,0.8727490996398559
809,0.27644373802233085,0.2936181435218961,0.8870192307692307,0.8727490996398559
810,0.2761945390537007,0.2933440362028563,0.8870192307692307,0.8727490996398559
811,0.2759458263514976,0.29307046508477824,0.8870192307692307,0.8727490996398559
812,0.2756975983567634,0.29279742889451027,0.8876201923076923,0.8727490996398559
813,0.2754498535197376,0.2925249263636859,0.8876201923076923,0.8727490996398559
814,0.2752025902998044,0.29225295622867387,0.8876201923076923,0.8727490996398559
815,0.2749558071654387,0.2919815172305283,0.8876201923076923,0.8727490996398559
816,0.2747095025941531,0.29171060811493865,0.8876201923076923,0.8739495798319328
817,0.2744636750724427,0.29144022763217986,0.8879206730769231,0.8739495798319328
818,0.27421832309573096,0.2911703745370612,0.8879206730769231,0.8739495798319328
819,0.27397344516831373,0.29090104758887686,0.8879206730769231,0.8739495798319328
820,0.2737290398033039,0.2906322455513551,0.8879206730769231,0.8751500600240096
821,0.27348510552257504,0.29036396719260754,0.8885216346153846,0.8751500600240096
822,0.2732416408567044,0.2900962112850788,0.8885216346153846,0.8751500600240096
823,0.2729986443449163,0.2898289766054957,0.8885216346153846,0.8751500600240096
824,0.272756114535024,0.28956226193481654,0.8885216346153846,0.8751500600240096
825,0.2725140499833723,0.2892960660581806,0.8885216346153846,0.8751500600240096
826,0.2722724492547782,0.28903038776485684,0.8885216346153846,0.8751500600240096
827,0.27203131092247296,0.28876522584819386,0.8885216346153846,0.8751500600240096
828,0.271790633568042,0.2885005791055685,0.8885216346153846,0.8751500600240096
829,0.2715504157813658,0.2882364463383352,0.8885216346153846,0.8751500600240096
830,0.2713106561605597,0.28797282635177573,0.8885216346153846,0.8751500600240096
831,0.27107135331191307,0.287709717955048,0.8885216346153846,0.8763505402160864
832,0.27083250584982876,0.2874471199611356,0.8885216346153846,0.8763505402160864
833,0.27059411239676184,0.28718503118679706,0.8888221153846154,0.8763505402160864
834,0.2703561715831581,0.2869234504525157,0.8888221153846154,0.8763505402160864
835,0.27011868204739165,0.2866623765824491,0.8888221153846154,0.8775510204081632
836,0.2698816424357032,0.2864018084043784,0.8888221153846154,0.8775510204081632
837,0.2696450514021369,0.28614174474965864,0.8888221153846154,0.8775510204081632
838,0.2694089076084779,0.28588218445316843,0.8888221153846154,0.8775510204081632
839,0.2691732097241885,0.2856231263532599,0.8888221153846154,0.8775510204081632
840,0.2689379564263451,0.2853645692917092,0.8888221153846154,0.8775510204081632
841,0.2687031463995739,0.28510651211366667,0.8888221153846154,0.8775510204081632
842,0.26846877833598687,0.28484895366760743,0.8888221153846154,0.8775510204081632
843,0.2682348509351174,0.2845918928052821,0.8888221153846154,0.8775510204081632
844,0.2680013629038555,0.2843353283816676,0.8888221153846154,0.8775510204081632
845,0.26776831295638265,0.2840792592549189,0.8888221153846154,0.8775510204081632
846,0.26753569981410685,0.28382368428631954,0.8888221153846154,0.8775510204081632
847,0.26730352220559717,0.2835686023402337,0.8888221153846154,0.8775510204081632
848,0.2670717788665178,0.28331401228405817,0.8888221153846154,0.8775510204081632
849,0.26684046853956234,0.2830599129881743,0.8888221153846154,0.8775510204081632
850,0.26660958997438783,0.28280630332590034,0.8888221153846154,0.8775510204081632
851,0.2663791419275484,0.2825531821734441,0.8888221153846154,0.8775510204081632
852,0.26614912316242895,0.28230054840985636,0.8888221153846154,0.8775510204081632
853,0.26591953244917815,0.28204840091698363,0.8888221153846154,0.8775510204081632
854,0.26569036856464223,0.2817967385794221,0.8888221153846154,0.8775510204081632
855,0.265461630292298,0.2815455602844714,0.8888221153846154,0.8787515006002401
856,0.2652333164221855,0.28129486492208927,0.8888221153846154,0.8787515006002401
857,0.2650054257508417,0.2810446513848459,0.8888221153846154,0.8787515006002401
858,0.26477795708123225,0.280794918567879,0.8888221153846154,0.8787515006002401
859,0.2645509092226853,0.28054566536884956,0.8888221153846154,0.8787515006002401
860,0.2643242809908237,0.2802968906878974,0.8888221153846154,0.8787515006002401
861,0.26409807120749745,0.2800485934275974,0.8891225961538461,0.8787515006002401
862,0.26387227870071683,0.2798007724929167,0.8891225961538461,0.8787515006002401
863,0.26364690230458454,0.27955342679117096,0.8897235576923077,0.8787515006002401
864,0.2634219408592287,0.2793065552319825,0.8897235576923077,0.8787515006002401
865,0.26319739321073526,0.27906015672723866,0.8897235576923077,0.8787515006002401
866,0.2629732582110807,0.27881423019104923,0.8897235576923077,0.8787515006002401
867,0.2627495347180646,0.27856877453970647,0.8897235576923077,0.8787515006002401
868,0.2625262215952427,0.27832378869164415,0.8903245192307693,0.8787515006002401
869,0.2623033177118594,0.27807927156739737,0.8903245192307693,0.8787515006002401
870,0.26208082194278104,0.2778352220895633,0.8903245192307693,0.8787515006002401
871,0.26185873316842867,0.27759163918276225,0.8903245192307693,0.8787515006002401
872,0.2616370502747114,0.27734852177359914,0.8903245192307693,0.8787515006002401
873,0.2614157721529595,0.2771058687906254,0.890625,0.8787515006002401
874,0.26119489769985826,0.2768636791643019,0.890625,0.8787515006002401
875,0.2609744258173811,0.2766219518269621,0.890625,0.879951980792317
876,0.26075435541272407,0.27638068571277596,0.8918269230769231,0.879951980792317
877,0.26053468539823915,0.2761398797577141,0.8924278846153846,0.879951980792317
878,0.2603154146913693,0.2758995328995131,0.8924278846153846,0.879951980792317
879,0.26009654221458245,0.27565964407764065,0.8924278846153846,0.879951980792317
880,0.25987806689530635,0.2754202122332623,0.8924278846153846,0.879951980792317
881,0.25965998766586396,0.27518123630920793,0.8924278846153846,0.879951980792317
882,0.2594423034634083,0.27494271524993935,0.8927283653846154,0.879951980792317
883,0.2592250132298587,0.2747046480015185,0.8927283653846154,0.879951980792317
884,0.2590081159118361,0.27446703351157586,0.8927283653846154,0.879951980792317
885,0.2587916104606,0.27422987072928046,0.8927283653846154,0.879951980792317
886,0.258575495831985,0.2739931586053092,0.8927283653846154,0.879951980792317
887,0.2583597709863376,0.2737568960918185,0.8927283653846154,0.879951980792317
888,0.25814443488845373,0.2735210821424149,0.8927283653846154,0.879951980792317
889,0.25792948650751674,0.2732857157121277,0.8927283653846154,0.879951980792317
890,0.25771492481703606,0.2730507957573814,0.8927283653846154,0.879951980792317
891,0.257500748794785,0.2728163212359696,0.8927283653846154,0.8775510204081632
892,0.25728695742274077,0.272582291107029,0.8927283653846154,0.8775510204081632
893,0.2570735496870239,0.27234870433101416,0.8927283653846154,0.8775510204081632
894,0.25686052457783826,0.2721155598696735,0.8927283653846154,0.8787515006002401
895,0.25664788108941183,0.2718828566860252,0.8939302884615384,0.8787515006002401
896,0.2564356182199378,0.27165059374433476,0.8939302884615384,0.8787515006002401
897,0.25622373497151646,0.2714187700100922,0.8939302884615384,0.879951980792317
898,0.25601223035009724,0.2711873844499913,0.8951322115384616,0.879951980792317
899,0.2558011033654217,0.27095643603190833,0.8951322115384616,0.879951980792317
900,0.2555903530309668,0.2707259237248821,0.8951322115384616,0.879951980792317
901,0.2553799783638889,0.27049584649909486,0.8951322115384616,0.879951980792317
902,0.2551699783849687,0.2702662033258537,0.8957331730769231,0.879951980792317
903,0.25496035211855583,0.27003699317757296,0.8957331730769231,0.879951980792317
904,0.25475109859251527,0.2698082150277568,0.8957331730769231,0.879951980792317
905,0.2545422168381736,0.26957986785098303,0.8957331730769231,0.879951980792317
906,0.25433370589026594,0.2693519506228881,0.8957331730769231,0.879951980792317
907,0.2541255647868845,0.26912446232015147,0.8957331730769231,0.879951980792317
908,0.25391779256942604,0.2688974019204822,0.8957331730769231,0.879951980792317
909,0.25371038828254233,0.26867076840260534,0.8957331730769231,0.879951980792317
910,0.25350335097408866,0.26844456074624956,0.8963341346153846,0.879951980792317
911,0.2532966796950758,0.2682187779321352,0.8963341346153846,0.879951980792317
912,0.2530903734996204,0.2679934189419633,0.8963341346153846,0.879951980792317
913,0.25288443144489736,0.26776848275840537,0.8966346153846154,0.879951980792317
914,0.2526788525910932,0.2675439683650935,0.8966346153846154,0.8823529411764706
915,0.2524736360013586,0.267319874746612,0.8981370192307693,0.8823529411764706
916,0.2522687807417637,0.267096200888489,0.8981370192307693,0.8835534213685474
917,0.25206428588125296,0.2668729457771891,0.8987379807692307,0.8835534213685474
918,0.2518601504916008,0.26665010840010694,0.8987379807692307,0.8847539015606243
919,0.25165637364736865,0.2664276877455611,0.8990384615384616,0.8847539015606243
920,0.2514529544258623,0.2662056828027887,0.8990384615384616,0.8847539015606243
921,0.2512498919070901,0.2659840925619418,0.8990384615384616,0.8847539015606243
922,0.2510471851737225,0.26576291601408264,0.9005408653846154,0.8847539015606243
923,0.2508448333110513,0.26554215215118115,0.9005408653846154,0.8847539015606243
924,0.25064283540695126,0.26532179996611255,0.9005408653846154,0.885954381752701
925,0.2504411905518408,0.2651018584526556,0.9014423076923077,0.885954381752701
926,0.2502398978386452,0.26488232660549177,0.9014423076923077,0.885954381752701
927,0.2500389563627591,0.2646632034202049,0.9014423076923077,0.885954381752701
928,0.2498383652220114,0.2644444878932815,0.9014423076923077,0.885954381752701
929,0.24963812351662937,0.26422617902211215,0.9014423076923077,0.885954381752701
930,0.24943823034920498,0.2640082758049929,0.9020432692307693,0.885954381752701
931,0.24923868482466136,0.26379077724112787,0.9020432692307693,0.885954381752701
932,0.2490394860502202,0.2635736823306322,0.9020432692307693,0.885954381752701
933,0.24884063313537014,0.2633569900745358,0.9026442307692307,0.885954381752701
934,0.24864212519183582,0.2631406994747875,0.9026442307692307,0.885954381752701
935,0.24844396133354804,0.26292480953426023,0.9026442307692307,0.885954381752701
936,0.2482461406766145,0.2627093192567565,0.9026442307692307,0.885954381752701
937,0.2480486623392916,0.26249422764701424,0.9029447115384616,0.885954381752701
938,0.247851525441957,0.26227953371071394,0.9029447115384616,0.885954381752701
939,0.24765472910708272,0.26206523645448576,0.9029447115384616,0.885954381752701
940,0.24745827245920998,0.26185133488591733,0.9029447115384616,0.885954381752701
941,0.24726215462492365,0.26163782801356267,0.9032451923076923,0.885954381752701
942,0.24706637473282864,0.26142471484695057,0.9032451923076923,0.885954381752701
943,0.24687093191352638,0.26121199439659437,0.9035456730769231,0.885954381752701
944,0.2466758252995926,0.2609996656740022,0.9044471153846154,0.885954381752701
945,0.24648105402555534,0.2607877276916875,0.9044471153846154,0.885954381752701
946,0.24628661722787493,0.2605761794631799,0.9044471153846154,0.885954381752701
947,0.24609251404492322,0.2603650200030372,0.9044471153846154,0.8871548619447779
948,0.24589874361696495,0.26015424832685696,0.9044471153846154,0.8871548619447779
949,0.2457053050861392,0.2599438634512895,0.9044471153846154,0.8871548619447779
950,0.24551219759644197,0.2597338643940506,0.9044471153846154,0.8871548619447779
951,0.24531942029370934,0.2595242501739352,0.9044471153846154,0.8871548619447779
952,0.24512697232560152,0.25931501981083094,0.9044471153846154,0.8871548619447779
953,0.24493485284158753,0.2591061723257329,0.9044471153846154,0.8871548619447779
954,0.24474306099293097,0.258897706740758,0.9044471153846154,0.8871548619447779
955,0.24455159593267645,0.2586896220791603,0.9044471153846154,0.8871548619447779
956,0.2443604568156362,0.2584819173653463,0.9044471153846154,0.8871548619447779
957,0.24416964279837836,0.258274591624891,0.9044471153846154,0.8871548619447779
958,0.2439791530392153,0.25806764388455433,0.9044471153846154,0.8871548619447779
959,0.24378898669819293,0.25786107317229706,0.9044471153846154,0.8871548619447779
960,0.2435991429370808,0.25765487851729835,0.9044471153846154,0.8871548619447779
961,0.24340962091936247,0.25744905894997283,0.9044471153846154,0.8871548619447779
962,0.24322041981022732,0.25724361350198804,0.9044471153846154,0.8895558223289316
963,0.24303153877656236,0.2570385412062822,0.9050480769230769,0.8895558223289316
964,0.24284297698694482,0.25683384109708274,0.9050480769230769,0.8895558223289316
965,0.24265473361163592,0.25662951220992397,0.9050480769230769,0.8895558223289316
966,0.24246680782257451,0.25642555358166647,0.9050480769230769,0.8895558223289316
967,0.24227919879337206,0.2562219642505156,0.9050480769230769,0.8895558223289316
968,0.24209190569930755,0.25601874325604035,0.9050480769230769,0.8895558223289316
969,0.24190492771732383,0.2558158896391935,0.9050480769230769,0.8895558223289316
970,0.24171826402602387,0.2556134024423302,0.9050480769230769,0.8895558223289316
971,0.24153191380566758,0.2554112807092283,0.9050480769230769,0.8895558223289316
972,0.2413458762381701,0.255209523485108,0.9050480769230769,0.8895558223289316
973,0.24116015050709935,0.25500812981665216,0.9050480769230769,0.8895558223289316
974,0.24097473579767514,0.2548070987520261,0.9050480769230769,0.8895558223289316
975,0.24078963129676845,0.25460642934089833,0.9050480769230769,0.8895558223289316
976,0.24060483619290104,0.254406120634461,0.9053485576923077,0.8895558223289316
977,0.24042034967624604,0.2542061716854501,0.9053485576923077,0.8895558223289316
978,0.2402361709386283,0.2540065815481669,0.9053485576923077,0.8895558223289316
979,0.2400522991735263,0.25380734927849796,0.9053485576923077,0.8895558223289316
980,0.2398687335760733,0.2536084739339364,0.9053485576923077,0.8895558223289316
981,0.23968547334305987,0.253409954573603,0.9053485576923077,0.8895558223289316
982,0.23950251767293645,0.25321179025826657,0.9053485576923077,0.8895558223289316
983,0.23931986576581638,0.2530139800503657,0.9053485576923077,0.8895558223289316
984,0.2391375168234793,0.25281652301402935,0.9053485576923077,0.8895558223289316
985,0.2389554700493752,0.2526194182150982,0.9053485576923077,0.8895558223289316
986,0.2387737246486285,0.25242266472114533,0.9053485576923077,0.8895558223289316
987,0.23859227982804265,0.2522262616014979,0.9053485576923077,0.8895558223289316
988,0.23841113479610512,0.25203020792725767,0.9053485576923077,0.8895558223289316
989,0.23823028876299288,0.2518345027713224,0.9053485576923077,0.8895558223289316
990,0.2380497409405777,0.25163914520840663,0.9053485576923077,0.8895558223289316
991,0.23786949054243242,0.25144413431506285,0.9053485576923077,0.8895558223289316
992,0.23768953678383684,0.2512494691697022,0.9056490384615384,0.8895558223289316
993,0.23750987888178468,0.2510551488526153,0.9056490384615384,0.8895558223289316
994,0.23733051605498992,0.2508611724459935,0.9056490384615384,0.8895558223289316
995,0.23715144752389422,0.25066753903394867,0.9056490384615384,0.8895558223289316
996,0.23697267251067392,0.2504742477025344,0.9056490384615384,0.8895558223289316
997,0.23679419023924775,0.2502812975397666,0.9056490384615384,0.8895558223289316
998,0.2366159999352847,0.2500886876356433,0.9056490384615384,0.8895558223289316
999,0.23643810082621158,0.2498964170821652,0.9056490384615384,0.8895558223289316
1000,0.23626049214122163,0.24970448497335587,0.9056490384615384,0.8895558223289316
