y_real,y_predicha,probabilidad,correcto
0,0,0.998084,1
0,0,0.620996,1
0,0,0.974137,1
1,1,0.975055,1
0,0,0.998111,1
0,0,0.837392,1
2,2,0.98773,1
0,0,0.976454,1
2,2,0.99219,1
0,0,0.998218,1
1,1,0.967452,1
0,0,0.978195,1
1,1,0.975699,1
1,1,0.972685,1
1,1,0.976974,1
0,0,0.998176,1
1,1,0.961012,1
2,2,0.978739,1
1,1,0.977522,1
1,1,0.914702,1
1,1,0.946028,1
0,0,0.974713,1
1,1,0.927144,1
1,1,0.977033,1
0,0,0.998078,1
1,1,0.931765,1
2,2,0.979437,1
2,2,0.99022,1
2,2,0.992321,1
1,1,0.866782,1
1,1,0.95933,1
1,1,0.98362,1
0,0,0.977061,1
2,2,0.989213,1
0,0,0.915419,1
1,1,0.979675,1
1,1,0.776845,1
2,2,0.992488,1
0,0,0.974153,1
1,1,0.975956,1
1,1,0.971822,1
0,0,0.975222,1
0,0,0.998211,1
2,2,0.989755,1
0,0,0.97229,1
0,0,0.976394,1
0,0,0.976822,1
2,2,0.984111,1
2,2,0.987781,1
2,2,0.98984,1
0,0,0.976685,1
2,2,0.985528,1
2,2,0.986892,1
1,1,0.980414,1
2,2,0.9911,1
2,2,0.992112,1
2,2,0.986316,1
1,1,0.985286,1
1,1,0.971979,1
0,0,0.998072,1
0,0,0.998143,1
1,1,0.973878,1
2,2,0.992474,1
0,0,0.97809,1
2,2,0.988496,1
2,2,0.975574,1
0,0,0.97537,1
2,2,0.985528,1
0,0,0.976665,1
0,0,0.987406,1
1,1,0.956877,1
2,2,0.988597,1
0,1,0.823534,0
2,2,0.984111,1
0,0,0.97548,1
0,0,0.97515,1
0,0,0.974356,1
1,1,0.970859,1
1,1,0.975347,1
2,2,0.992887,1
1,1,0.728658,1
0,0,0.974786,1
2,2,0.991033,1
1,1,0.967452,1
1,1,0.985622,1
1,1,0.974369,1
1,1,0.975431,1
1,1,0.972733,1
1,1,0.978026,1
0,0,0.998145,1
2,2,0.978236,1
0,0,0.976773,1
1,1,0.972818,1
2,2,0.990779,1
1,1,0.960424,1
0,0,0.975925,1
2,2,0.992112,1
1,1,0.76142,1
0,0,0.998087,1
0,0,0.975545,1
2,2,0.992737,1
2,2,0.989747,1
1,1,0.973716,1
1,1,0.932601,1
0,0,0.971066,1
0,0,0.99811,1
2,2,0.992931,1
2,2,0.990155,1
2,2,0.988338,1
0,0,0.973601,1
0,0,0.998142,1
2,2,0.993251,1
2,2,0.989987,1
0,0,0.974109,1
2,2,0.99289,1
1,1,0.974962,1
0,0,0.998287,1
2,2,0.992474,1
0,0,0.998288,1
0,0,0.976486,1
0,1,0.668775,0
0,0,0.99814,1
0,0,0.641414,1
1,1,0.818246,1
1,1,0.973479,1
1,1,0.933351,1
2,2,0.988191,1
2,2,0.992965,1
1,1,0.985047,1
2,2,0.984889,1
2,2,0.992112,1
1,1,0.972528,1
2,2,0.984889,1
2,2,0.989636,1
2,2,0.99022,1
2,2,0.979437,1
2,2,0.991107,1
2,2,0.99289,1
2,2,0.987245,1
1,1,0.961907,1
0,1,0.50264,0
1,1,0.941137,1
2,2,0.985817,1
0,0,0.975509,1
0,0,0.973115,1
1,1,0.97535,1
1,1,0.973744,1
1,1,0.974579,1
0,0,0.998334,1
1,1,0.92777,1
1,1,0.932644,1
2,2,0.990598,1
0,0,0.975663,1
1,1,0.983252,1
0,0,0.976192,1
2,2,0.985528,1
2,2,0.988978,1
1,1,0.974117,1
1,1,0.859897,1
0,0,0.998035,1
2,2,0.989396,1
1,1,0.972251,1
0,0,0.97836,1
0,1,0.637641,0
0,0,0.998131,1
0,1,0.617201,0
1,1,0.676373,1
0,0,0.977125,1
1,1,0.97428,1
1,1,0.974616,1
0,0,0.974647,1
1,1,0.978201,1
2,2,0.987456,1
1,1,0.978505,1
2,2,0.988252,1
0,0,0.692718,1
1,1,0.973746,1
0,0,0.974026,1
2,2,0.99073,1
0,0,0.976732,1
2,2,0.992965,1
1,1,0.92777,1
2,2,0.992879,1
1,1,0.942893,1
1,1,0.976873,1
0,0,0.971645,1
2,2,0.98773,1
0,0,0.998403,1
1,1,0.983925,1
1,1,0.97816,1
1,1,0.928064,1
2,2,0.984073,1
2,2,0.991307,1
0,0,0.998178,1
0,0,0.998346,1
2,2,0.986553,1
1,1,0.978725,1
0,0,0.998241,1
1,1,0.976282,1
0,0,0.975742,1
0,0,0.998098,1
0,0,0.998079,1
2,2,0.992781,1
1,1,0.978969,1
1,1,0.982184,1
2,2,0.989747,1
0,0,0.974864,1
1,1,0.969892,1
2,2,0.993072,1
1,1,0.978457,1
2,2,0.991671,1
0,0,0.97713,1
0,0,0.801924,1
2,2,0.993182,1
2,2,0.992695,1
2,2,0.986784,1
1,1,0.977125,1
1,1,0.953747,1
0,0,0.998121,1
1,1,0.979033,1
0,0,0.976296,1
1,1,0.972505,1
0,0,0.701872,1
1,1,0.973242,1
0,0,0.97415,1
0,0,0.976661,1
1,1,0.975347,1
2,2,0.97652,1
2,2,0.984073,1
0,0,0.976738,1
2,2,0.99341,1
1,1,0.973878,1
1,1,0.851169,1
1,1,0.983081,1
2,2,0.986892,1
2,2,0.992965,1
1,1,0.973428,1
1,1,0.97783,1
1,1,0.974369,1
2,2,0.981244,1
2,2,0.985811,1
2,2,0.9911,1
0,0,0.978835,1
0,0,0.998239,1
0,0,0.623913,1
1,0,0.599983,0
1,1,0.970481,1
0,0,0.976276,1
1,1,0.979889,1
2,2,0.978739,1
2,2,0.991165,1
0,0,0.998159,1
1,1,0.978239,1
1,1,0.991828,1
2,2,0.991671,1
0,0,0.876038,1
2,2,0.989411,1
2,2,0.992887,1
1,1,0.974292,1
1,1,0.960006,1
2,2,0.992923,1
2,2,0.983683,1
1,1,0.971663,1
1,1,0.714758,1
1,1,0.976961,1
1,1,0.975547,1
1,1,0.953282,1
2,2,0.9911,1
2,2,0.992521,1
2,2,0.986553,1
2,2,0.971758,1
0,0,0.976224,1
2,2,0.985528,1
1,1,0.971993,1
1,1,0.975208,1
2,2,0.991343,1
1,1,0.973774,1
1,1,0.782597,1
2,2,0.983683,1
1,1,0.975347,1
1,1,0.97308,1
1,1,0.599953,1
1,1,0.973524,1
2,2,0.989636,1
0,0,0.99808,1
0,0,0.973968,1
2,2,0.986316,1
0,0,0.99815,1
0,0,0.998248,1
0,0,0.9981,1
1,1,0.976513,1
2,2,0.987881,1
1,1,0.973387,1
1,1,0.864165,1
1,1,0.971411,1
0,0,0.975967,1
2,2,0.987781,1
0,0,0.975484,1
2,2,0.989622,1
1,1,0.976526,1
2,2,0.979437,1
1,1,0.935835,1
0,0,0.980308,1
0,0,0.977393,1
1,1,0.971663,1
1,1,0.972733,1
2,2,0.988451,1
1,1,0.783609,1
1,1,0.855102,1
1,1,0.990265,1
1,1,0.914569,1
1,1,0.977171,1
1,1,0.971779,1
1,1,0.974911,1
1,1,0.976346,1
2,2,0.989213,1
2,2,0.992488,1
1,1,0.975123,1
1,1,0.978936,1
0,0,0.987854,1
2,2,0.986085,1
1,1,0.93324,1
0,0,0.976185,1
1,1,0.94007,1
0,0,0.54641,1
0,0,0.975176,1
2,2,0.991298,1
0,0,0.97752,1
1,1,0.973255,1
2,2,0.99231,1
1,1,0.95399,1
1,1,0.939416,1
1,1,0.97668,1
1,1,0.966848,1
1,1,0.947806,1
1,1,0.959747,1
0,0,0.992409,1
1,1,0.975411,1
2,2,0.989174,1
1,1,0.972566,1
2,2,0.987905,1
2,2,0.988252,1
0,1,0.626236,0
1,0,0.689034,0
0,0,0.998144,1
2,2,0.986587,1
2,2,0.988597,1
2,2,0.989747,1
1,1,0.983405,1
1,0,0.616969,0
2,2,0.992441,1
2,2,0.991837,1
2,2,0.99123,1
2,2,0.992178,1
1,1,0.978269,1
2,2,0.991774,1
1,1,0.940232,1
1,0,0.581777,0
0,0,0.99811,1
1,1,0.978696,1
1,1,0.984192,1
2,2,0.989818,1
2,2,0.987245,1
2,2,0.986553,1
2,2,0.988721,1
0,0,0.998175,1
0,0,0.998317,1
1,1,0.979439,1
1,1,0.975956,1
1,1,0.982328,1
0,0,0.998343,1
1,1,0.974879,1
0,0,0.976108,1
2,2,0.988178,1
1,1,0.974179,1
2,2,0.966288,1
1,1,0.915767,1
1,1,0.976466,1
0,0,0.991496,1
0,0,0.975866,1
1,1,0.977092,1
2,2,0.992931,1
0,0,0.973393,1
1,1,0.972317,1
0,1,0.671968,0
0,0,0.977866,1
2,2,0.990952,1
1,1,0.976789,1
0,0,0.991796,1
2,2,0.975574,1
2,2,0.988806,1
2,2,0.990598,1
1,1,0.945736,1
0,0,0.998143,1
2,2,0.991092,1
0,0,0.974726,1
2,2,0.989622,1
1,1,0.976616,1
1,1,0.975896,1
0,0,0.998324,1
1,1,0.97868,1
1,1,0.979675,1
0,0,0.974948,1
0,0,0.998123,1
1,1,0.976265,1
1,1,0.971055,1
1,1,0.974773,1
2,2,0.989396,1
0,0,0.98785,1
0,0,0.998153,1
0,0,0.989143,1
2,2,0.977285,1
1,1,0.970939,1
1,1,0.976171,1
2,2,0.991298,1
2,2,0.991998,1
0,0,0.998085,1
2,2,0.991343,1
2,2,0.991206,1
1,1,0.975907,1
0,0,0.973754,1
0,0,0.97714,1
1,1,0.981072,1
0,0,0.998085,1
0,0,0.762296,1
0,0,0.978309,1
0,0,0.994452,1
0,0,0.973344,1
1,1,0.978084,1
2,2,0.992737,1
2,2,0.988191,1
1,1,0.971344,1
0,0,0.998082,1
2,2,0.991015,1
0,0,0.998058,1
2,2,0.935534,1
1,1,0.911213,1
1,1,0.535351,1
0,0,0.998065,1
0,0,0.974647,1
0,0,0.998122,1
0,0,0.977449,1
1,1,0.976171,1
0,0,0.976992,1
1,1,0.97638,1
1,1,0.983549,1
1,1,0.976788,1
0,0,0.998112,1
0,0,0.957599,1
2,2,0.991837,1
2,2,0.984889,1
0,0,0.988138,1
2,2,0.989855,1
1,1,0.979631,1
2,2,0.981244,1
1,1,0.956312,1
0,0,0.977825,1
1,1,0.968144,1
1,1,0.974293,1
1,0,0.74052,0
0,0,0.978066,1
0,0,0.998093,1
2,2,0.977285,1
0,1,0.684638,0
0,0,0.998112,1
2,2,0.98984,1
2,2,0.992696,1
2,2,0.991343,1
2,2,0.979437,1
1,1,0.945841,1
0,0,0.977837,1
2,2,0.988363,1
0,0,0.972564,1
2,2,0.977687,1
0,0,0.977704,1
1,1,0.972387,1
1,1,0.929129,1
1,1,0.827098,1
0,0,0.974504,1
2,2,0.991033,1
1,1,0.894978,1
2,2,0.986892,1
2,2,0.992352,1
2,2,0.988597,1
0,0,0.975909,1
2,2,0.991343,1
1,1,0.976691,1
0,0,0.975793,1
0,0,0.998124,1
1,1,0.974351,1
0,0,0.976287,1
2,2,0.992921,1
2,2,0.977687,1
2,2,0.993154,1
1,1,0.862725,1
2,2,0.98654,1
1,1,0.984703,1
0,0,0.975032,1
2,2,0.988597,1
0,0,0.998092,1
1,1,0.972702,1
1,1,0.971678,1
1,1,0.686154,1
1,1,0.977461,1
2,2,0.989818,1
0,0,0.987893,1
1,1,0.975384,1
1,1,0.949092,1
1,1,0.973447,1
1,1,0.975418,1
1,1,0.97533,1
2,2,0.979437,1
2,2,0.991165,1
0,0,0.99818,1
2,2,0.992767,1
0,0,0.974438,1
1,1,0.976278,1
2,2,0.989116,1
0,0,0.571876,1
0,0,0.975501,1
2,2,0.981244,1
2,2,0.991837,1
2,2,0.983048,1
0,0,0.723089,1
1,1,0.977125,1
0,0,0.973821,1
2,2,0.988496,1
2,2,0.993251,1
0,0,0.998301,1
0,0,0.998137,1
2,2,0.989396,1
1,1,0.968911,1
1,1,0.936067,1
1,1,0.977634,1
2,2,0.991837,1
0,0,0.977172,1
1,1,0.969923,1
2,2,0.983683,1
1,1,0.966848,1
2,2,0.989589,1
2,2,0.991033,1
0,0,0.998098,1
1,1,0.975281,1
0,0,0.998238,1
0,0,0.998105,1
2,2,0.988721,1
1,1,0.964634,1
1,0,0.597682,0
1,1,0.978936,1
2,2,0.992555,1
0,0,0.977798,1
1,1,0.974348,1
1,1,0.980212,1
2,2,0.992781,1
0,0,0.975742,1
1,1,0.983068,1
1,1,0.970444,1
2,2,0.977677,1
0,0,0.998121,1
1,1,0.976788,1
1,1,0.971588,1
2,2,0.978739,1
2,2,0.991298,1
1,1,0.975995,1
0,0,0.998323,1
1,1,0.975019,1
2,2,0.989818,1
1,1,0.788544,1
1,1,0.979021,1
0,0,0.998136,1
2,2,0.977687,1
0,0,0.978687,1
2,2,0.989502,1
2,2,0.987905,1
0,0,0.973781,1
0,0,0.983089,1
2,2,0.986085,1
1,1,0.754825,1
2,2,0.984073,1
0,0,0.973367,1
2,2,0.986784,1
1,1,0.979223,1
2,2,0.991998,1
0,0,0.998107,1
1,1,0.972666,1
1,1,0.946151,1
0,0,0.998158,1
0,0,0.998117,1
1,1,0.977522,1
0,0,0.97827,1
1,0,0.597682,0
0,0,0.717341,1
2,2,0.986784,1
2,2,0.966288,1
1,0,0.606978,0
0,0,0.998095,1
1,1,0.97886,1
0,0,0.998134,1
2,2,0.992921,1
2,2,0.985528,1
1,1,0.946425,1
0,0,0.983074,1
2,2,0.993237,1
2,2,0.978236,1
0,0,0.998166,1
0,0,0.976501,1
2,2,0.992245,1
0,0,0.986103,1
1,1,0.971714,1
0,0,0.976988,1
0,0,0.998285,1
2,2,0.984111,1
1,0,0.512263,0
0,0,0.975841,1
1,1,0.744164,1
1,1,0.938286,1
2,2,0.989801,1
0,0,0.976785,1
1,1,0.954497,1
1,1,0.970939,1
0,0,0.973802,1
0,0,0.976482,1
1,0,0.606978,0
2,2,0.990598,1
0,0,0.993759,1
0,0,0.998139,1
1,1,0.973381,1
0,0,0.998161,1
2,2,0.989396,1
2,2,0.992783,1
2,2,0.986587,1
1,1,0.798718,1
1,1,0.970444,1
2,2,0.992347,1
0,0,0.975373,1
0,0,0.976337,1
2,2,0.992498,1
0,0,0.974801,1
1,1,0.976032,1
1,1,0.9748,1
0,0,0.998255,1
1,1,0.86603,1
2,2,0.971758,1
2,2,0.979437,1
1,1,0.977551,1
0,0,0.777924,1
0,0,0.998136,1
1,1,0.970991,1
2,2,0.991222,1
2,2,0.986407,1
2,2,0.989396,1
0,0,0.998132,1
1,1,0.922419,1
1,1,0.552211,1
1,1,0.975187,1
2,2,0.989411,1
1,1,0.972054,1
1,1,0.965908,1
2,2,0.988178,1
2,2,0.99272,1
1,1,0.930947,1
2,2,0.993072,1
2,2,0.992657,1
0,0,0.976434,1
0,0,0.989514,1
1,1,0.971099,1
0,0,0.998023,1
1,1,0.903159,1
2,2,0.983683,1
0,0,0.913815,1
0,0,0.998092,1
1,1,0.979045,1
0,0,0.976529,1
0,0,0.97864,1
2,2,0.992783,1
0,0,0.976497,1
2,2,0.99219,1
1,1,0.972896,1
0,0,0.998158,1
1,1,0.977512,1
0,0,0.987499,1
0,0,0.976752,1
1,1,0.972517,1
0,0,0.974324,1
2,2,0.989213,1
1,1,0.730511,1
2,2,0.991343,1
2,2,0.993422,1
1,1,0.974285,1
1,1,0.987707,1
1,1,0.981021,1
1,1,0.906334,1
1,1,0.97762,1
1,1,0.977156,1
1,1,0.762092,1
0,0,0.974129,1
1,1,0.977951,1
2,2,0.977687,1
0,0,0.977802,1
2,2,0.99341,1
0,1,0.546028,0
1,1,0.917882,1
2,2,0.990983,1
1,1,0.955638,1
1,1,0.973387,1
1,1,0.978452,1
0,0,0.97739,1
2,2,0.989818,1
1,1,0.985047,1
0,0,0.973926,1
1,1,0.974317,1
0,0,0.998115,1
1,1,0.965267,1
2,2,0.987245,1
1,1,0.978625,1
0,0,0.975359,1
0,0,0.99808,1
0,0,0.987857,1
0,0,0.976223,1
0,0,0.998164,1
1,1,0.972603,1
0,0,0.97345,1
0,0,0.978873,1
2,2,0.987781,1
1,1,0.973733,1
1,1,0.972519,1
2,2,0.989747,1
2,2,0.99341,1
0,0,0.975777,1
1,1,0.978269,1
1,1,0.967721,1
1,1,0.985334,1
2,2,0.984073,1
2,2,0.989987,1
2,2,0.989411,1
2,2,0.987781,1
2,2,0.991206,1
2,2,0.99115,1
1,1,0.977768,1
2,2,0.988178,1
2,2,0.992178,1
1,1,0.982904,1
0,0,0.977259,1
0,0,0.998134,1
1,1,0.974134,1
0,0,0.977202,1
0,0,0.998152,1
1,1,0.974655,1
2,2,0.987967,1
2,2,0.975574,1
2,2,0.991774,1
0,0,0.976718,1
1,1,0.970444,1
2,2,0.989818,1
0,0,0.998191,1
1,1,0.935616,1
2,2,0.988496,1
1,1,0.970747,1
2,2,0.992879,1
2,2,0.99073,1
0,0,0.97873,1
0,0,0.976911,1
2,2,0.985811,1
1,1,0.866782,1
1,1,0.975547,1
0,0,0.976824,1
0,0,0.998135,1
0,0,0.998074,1
1,1,0.991296,1
2,2,0.97652,1
0,0,0.992205,1
2,2,0.992965,1
1,1,0.946446,1
2,2,0.992441,1
0,0,0.998169,1
1,1,0.947505,1
0,0,0.973557,1
2,2,0.983048,1
1,1,0.909822,1
2,2,0.992657,1
0,0,0.998207,1
0,0,0.66917,1
1,1,0.974472,1
2,2,0.985916,1
1,1,0.974145,1
2,2,0.983683,1
1,1,0.974576,1
2,2,0.986784,1
1,1,0.970809,1
0,0,0.998221,1
1,1,0.983199,1
0,0,0.97567,1
0,0,0.972671,1
1,1,0.971781,1
2,2,0.979437,1
1,1,0.972685,1
1,1,0.96678,1
1,1,0.970634,1
1,1,0.971535,1
2,2,0.99341,1
0,1,0.825991,0
1,1,0.968541,1
1,1,0.98234,1
2,2,0.985811,1
1,1,0.979732,1
0,0,0.990087,1
2,2,0.99251,1
2,2,0.983683,1
1,1,0.972376,1
2,2,0.99022,1
1,1,0.9797,1
0,0,0.764141,1
2,2,0.989675,1
2,2,0.965386,1
1,1,0.978375,1
0,0,0.973934,1
0,0,0.975031,1
1,1,0.76142,1
1,1,0.914702,1
2,2,0.990983,1
0,0,0.998108,1
1,1,0.972176,1
2,2,0.991671,1
1,1,0.915767,1
2,2,0.99272,1
0,0,0.977008,1
1,1,0.99074,1
2,2,0.993237,1
0,0,0.973584,1
0,0,0.977647,1
2,2,0.993449,1
0,0,0.975659,1
1,1,0.986162,1
1,1,0.970543,1
1,1,0.979644,1
1,1,0.773115,1
1,1,0.974093,1
1,1,0.962509,1
0,0,0.976841,1
1,1,0.965267,1
0,0,0.97903,1
2,2,0.975574,1
1,1,0.975802,1
0,0,0.652373,1
2,2,0.989411,1
1,1,0.932601,1
2,2,0.985811,1
2,2,0.980358,1
2,2,0.987456,1
1,1,0.979628,1
1,1,0.72887,1
1,1,0.976289,1
0,0,0.998142,1
1,1,0.980414,1
0,0,0.998031,1
0,0,0.998021,1
2,2,0.989213,1
1,1,0.974779,1
2,2,0.977677,1
2,2,0.98984,1
1,1,0.973242,1
0,0,0.987578,1
2,2,0.992783,1
2,2,0.99231,1
2,2,0.989116,1
0,0,0.97287,1
2,2,0.989818,1
0,0,0.978838,1
0,0,0.977936,1
1,1,0.975504,1
1,1,0.72887,1
0,0,0.975885,1
0,1,0.779991,0
0,0,0.536416,1
1,1,0.975108,1
2,2,0.991298,1
2,2,0.989396,1
0,0,0.988222,1
2,2,0.988338,1
1,1,0.947499,1
1,1,0.979675,1
0,0,0.998078,1
0,0,0.977272,1
0,0,0.998174,1
2,2,0.992488,1
1,1,0.971066,1
2,2,0.989622,1
2,2,0.988191,1
0,0,0.97442,1
1,1,0.977222,1
2,2,0.993422,1
1,1,0.961012,1
2,2,0.991257,1
2,2,0.935534,1
1,1,0.986959,1
2,2,0.9911,1
2,2,0.987456,1
0,0,0.99821,1
0,0,0.760197,1
0,0,0.974935,1
0,0,0.744641,1
2,2,0.989855,1
0,0,0.998119,1
0,0,0.975547,1
0,0,0.97358,1
0,0,0.998066,1
0,1,0.562907,0
1,1,0.97509,1
2,2,0.984781,1
1,1,0.942068,1
2,2,0.992498,1
0,0,0.9982,1
0,0,0.975121,1
2,2,0.988806,1
1,1,0.939416,1
1,1,0.974125,1
1,1,0.91888,1
1,1,0.974063,1
0,0,0.998141,1
2,2,0.992521,1
0,0,0.977478,1
2,2,0.992521,1
2,2,0.982282,1
1,1,0.972878,1
2,2,0.986892,1
1,1,0.985053,1
1,1,0.93787,1
1,1,0.980133,1
2,2,0.99022,1
1,1,0.977804,1
0,0,0.9982,1
0,0,0.9773,1
2,2,0.98984,1
2,2,0.986085,1
0,0,0.971949,1
1,1,0.975793,1
2,2,0.98654,1
1,1,0.970809,1
2,2,0.989755,1
1,1,0.975389,1
0,0,0.976893,1
0,0,0.977801,1
1,1,0.76142,1
2,2,0.989396,1
1,1,0.929129,1
2,2,0.988191,1
1,1,0.974383,1
0,0,0.977544,1
2,2,0.992736,1
1,1,0.686154,1
0,0,0.99817,1
1,1,0.972896,1
1,1,0.932814,1
0,0,0.984283,1
0,0,0.978534,1
1,1,0.974336,1
2,2,0.989411,1
0,0,0.998152,1
1,1,0.979076,1
0,0,0.977876,1
2,2,0.989801,1
0,0,0.998099,1
2,2,0.986892,1
1,1,0.784027,1
2,2,0.98969,1
2,2,0.98812,1
1,1,0.974653,1
1,1,0.982328,1
0,0,0.976183,1
2,2,0.988721,1
2,2,0.988451,1
1,1,0.971774,1
1,1,0.983498,1
2,2,0.992311,1
0,0,0.973876,1
0,0,0.977147,1
1,1,0.704005,1
2,2,0.98476,1
0,0,0.975782,1
2,2,0.992931,1
1,1,0.975551,1
1,1,0.971497,1
0,0,0.977065,1
0,0,0.998252,1
1,1,0.942133,1
2,2,0.985811,1
0,0,0.998106,1
0,0,0.984943,1
2,2,0.985811,1
0,0,0.998213,1
2,2,0.984111,1
1,1,0.905077,1
1,1,0.982642,1
0,0,0.998188,1
0,0,0.99819,1
2,2,0.991998,1
2,2,0.984073,1
2,2,0.992736,1
1,1,0.985869,1
0,0,0.998131,1
1,1,0.984492,1
1,1,0.931765,1
1,1,0.977142,1
0,0,0.99806,1
0,0,0.998151,1
0,0,0.979136,1
2,2,0.984889,1
1,1,0.984746,1
2,2,0.981244,1
1,1,0.98362,1
0,0,0.998103,1
0,0,0.998106,1
0,0,0.998106,1
0,0,0.976667,1
1,1,0.973381,1
0,0,0.976374,1
1,1,0.915767,1
1,1,0.980019,1
0,0,0.974646,1
2,2,0.992921,1
0,0,0.973657,1
0,0,0.998095,1
0,0,0.978598,1
2,2,0.983048,1
1,0,0.581512,0
0,0,0.977512,1
0,0,0.975996,1
0,0,0.975385,1
1,1,0.974472,1
2,2,0.989411,1
0,0,0.977124,1
0,0,0.975723,1
0,0,0.975671,1
0,1,0.5247,0
1,1,0.974293,1
1,1,0.975055,1
2,2,0.992352,1
2,2,0.990983,1
0,0,0.998143,1
0,0,0.998158,1
2,2,0.986407,1
1,1,0.973851,1
0,0,0.974063,1
2,2,0.990499,1
2,2,0.99289,1
2,2,0.988806,1
2,2,0.984073,1
1,1,0.945135,1
1,1,0.977522,1
1,1,0.974983,1
2,2,0.986587,1
0,0,0.976048,1
0,0,0.998287,1
0,0,0.67412,1
1,1,0.986189,1
2,2,0.984889,1
1,1,0.932601,1
2,2,0.988721,1
2,2,0.986407,1
2,2,0.991998,1
2,2,0.98969,1
0,0,0.975589,1
0,0,0.978532,1
1,1,0.976466,1
0,0,0.971475,1
1,1,0.975374,1
0,0,0.998047,1
1,1,0.985539,1
0,1,0.800869,0
0,0,0.973278,1
1,1,0.784027,1
0,0,0.975449,1
2,2,0.992352,1
2,2,0.989801,1
1,1,0.971797,1
2,2,0.989801,1
0,0,0.97619,1
1,1,0.974441,1
1,1,0.97618,1
1,1,0.810317,1
1,1,0.975411,1
0,0,0.984723,1
2,2,0.993072,1
0,0,0.973333,1
0,0,0.998142,1
2,2,0.992696,1
1,1,0.972376,1
1,1,0.920655,1
0,0,0.998055,1
2,2,0.99231,1
0,0,0.998181,1
1,1,0.973774,1
2,2,0.981275,1
1,1,0.965783,1
2,2,0.992321,1
0,0,0.975099,1
1,1,0.971756,1
1,1,0.96573,1
0,0,0.998092,1
1,1,0.907895,1
0,0,0.759724,1
1,1,0.970747,1
2,2,0.990952,1
2,2,0.989622,1
0,0,0.97871,1
1,1,0.97668,1
2,2,0.991092,1
2,2,0.977677,1
1,1,0.971581,1
0,0,0.976906,1
2,2,0.992695,1
1,1,0.644624,1
1,1,0.928754,1
2,2,0.989174,1
0,0,0.976899,1
2,2,0.991165,1
1,1,0.792033,1
0,0,0.998058,1
0,0,0.975304,1
0,0,0.998154,1
0,0,0.972906,1
2,2,0.986892,1
0,0,0.977858,1
0,0,0.998182,1
2,2,0.98984,1
0,0,0.977236,1
1,1,0.971497,1
2,2,0.98773,1
1,1,0.972733,1
0,0,0.998197,1
1,1,0.972317,1
1,1,0.970631,1
2,2,0.985105,1
0,0,0.98383,1
2,2,0.986553,1
2,2,0.991774,1
0,0,0.998298,1
1,1,0.972323,1
1,1,0.886926,1
2,2,0.992879,1
1,1,0.974418,1
0,0,0.974224,1
2,2,0.982282,1
1,1,0.97509,1
1,1,0.978358,1
0,0,0.998128,1
0,0,0.977407,1
1,1,0.975214,1
0,0,0.998104,1
0,0,0.974269,1
2,2,0.975574,1
2,2,0.985817,1
2,2,0.992555,1
0,0,0.99815,1
0,0,0.998238,1
1,1,0.978786,1
2,2,0.992112,1
0,0,0.978086,1
1,1,0.924011,1
0,0,0.970367,1
0,0,0.975689,1
0,0,0.976149,1
0,0,0.691427,1
2,2,0.992498,1
2,2,0.978739,1
2,2,0.988178,1
2,2,0.992347,1
2,2,0.990598,1
0,0,0.998175,1
1,1,0.989324,1
0,0,0.998244,1
0,0,0.977954,1
0,0,0.998152,1
1,1,0.984746,1
2,2,0.987549,1
2,2,0.988363,1
2,2,0.992781,1
1,1,0.975128,1
2,2,0.991015,1
1,1,0.978519,1
1,1,0.978311,1
1,1,0.977508,1
0,0,0.975693,1
1,1,0.969108,1
2,2,0.992781,1
2,2,0.990155,1
2,2,0.992352,1
0,0,0.998139,1
0,0,0.977368,1
2,2,0.989174,1
1,1,0.930543,1
1,1,0.971714,1
0,0,0.976111,1
2,2,0.99219,1
2,2,0.993072,1
0,0,0.998169,1
1,1,0.971725,1
1,1,0.972125,1
2,2,0.992931,1
0,0,0.976477,1
2,2,0.97652,1
2,2,0.987245,1
0,0,0.99807,1
2,2,0.99231,1
1,1,0.924575,1
0,0,0.998235,1
0,0,0.813366,1
0,0,0.998142,1
1,1,0.973744,1
0,0,0.986707,1
1,0,0.758876,0
0,0,0.976951,1
0,0,0.863711,1
0,0,0.998227,1
2,2,0.990983,1
2,2,0.991343,1
1,1,0.977564,1
2,2,0.992887,1
0,0,0.62351,1
2,2,0.993251,1
1,1,0.973046,1
0,0,0.977906,1
2,2,0.992931,1
2,2,0.980358,1
0,0,0.998225,1
2,2,0.991206,1
1,1,0.944658,1
0,0,0.998164,1
2,2,0.990983,1
1,1,0.970634,1
0,0,0.606077,1
2,2,0.992245,1
0,0,0.976184,1
2,2,0.992491,1
2,2,0.99219,1
1,1,0.926518,1
0,0,0.998136,1
0,0,0.975794,1
0,0,0.977274,1
2,2,0.992657,1
2,2,0.986553,1
1,1,0.975707,1
2,2,0.989987,1
2,2,0.978739,1
0,0,0.975968,1
1,1,0.974889,1
0,0,0.974949,1
2,2,0.991774,1
1,1,0.919277,1
1,1,0.971344,1
1,1,0.97842,1
2,2,0.989675,1
1,1,0.862468,1
1,1,0.973046,1
2,2,0.988363,1
2,2,0.989755,1
2,2,0.992696,1
2,2,0.977687,1
0,0,0.987622,1
0,0,0.987949,1
1,1,0.965783,1
2,2,0.986553,1
1,1,0.972362,1
0,0,0.998134,1
1,1,0.978669,1
1,1,0.978164,1
2,2,0.988978,1
1,1,0.973594,1
1,1,0.961038,1
0,0,0.936114,1
1,1,0.978267,1
2,2,0.984073,1
1,1,0.97178,1
2,2,0.981244,1
0,0,0.998315,1
2,2,0.986587,1
1,1,0.985233,1
0,0,0.976312,1
1,1,0.978267,1
0,0,0.998193,1
0,0,0.975308,1
0,0,0.853176,1
0,0,0.998178,1
1,1,0.973851,1
1,1,0.897138,1
0,0,0.998066,1
1,1,0.970688,1
2,2,0.993422,1
0,0,0.975101,1
0,0,0.975711,1
0,0,0.998213,1
0,0,0.998128,1
0,0,0.998151,1
2,2,0.983777,1
0,0,0.988525,1
2,2,0.987967,1
1,1,0.977514,1
1,1,0.940789,1
2,2,0.992311,1
1,1,0.975333,1
2,2,0.987781,1
0,0,0.976249,1
1,1,0.945596,1
2,2,0.990598,1
2,2,0.991107,1
2,2,0.991774,1
2,2,0.991774,1
2,2,0.99276,1
2,2,0.99073,1
0,0,0.998181,1
2,2,0.990983,1
1,1,0.985769,1
1,1,0.96316,1
2,2,0.992555,1
0,0,0.998152,1
0,0,0.998155,1
0,0,0.998283,1
1,1,0.975402,1
1,1,0.930947,1
2,2,0.988451,1
2,2,0.993237,1
0,0,0.998055,1
2,2,0.989855,1
2,2,0.986587,1
2,2,0.990598,1
2,2,0.98773,1
1,1,0.975614,1
2,2,0.986892,1
1,1,0.973878,1
0,0,0.998231,1
1,1,0.97842,1
1,1,0.976281,1
1,1,0.972805,1
0,0,0.981172,1
0,0,0.998145,1
1,0,0.54571,0
1,1,0.972831,1
2,2,0.987456,1
1,1,0.973716,1
0,0,0.780088,1
0,0,0.998127,1
1,1,0.973524,1
2,2,0.992695,1
1,1,0.975626,1
0,0,0.983031,1
2,2,0.99123,1
2,2,0.989801,1
2,2,0.992112,1
1,1,0.973479,1
0,0,0.987672,1
2,2,0.988363,1
2,2,0.99231,1
1,1,0.976336,1
1,1,0.935727,1
1,1,0.976299,1
0,0,0.975225,1
1,1,0.973617,1
2,2,0.989174,1
2,2,0.9911,1
2,2,0.989747,1
0,0,0.975402,1
2,2,0.993019,1
0,0,0.974561,1
2,2,0.992178,1
0,1,0.819518,0
1,1,0.704005,1
0,0,0.975276,1
2,2,0.993019,1
2,2,0.993072,1
1,1,0.970634,1
0,0,0.998137,1
1,1,0.974944,1
2,2,0.992474,1
2,2,0.991442,1
0,0,0.983775,1
1,1,0.974063,1
0,0,0.976826,1
1,1,0.788544,1
1,1,0.970878,1
0,0,0.978792,1
1,1,0.910512,1
2,2,0.988451,1
0,0,0.97616,1
0,0,0.998312,1
0,0,0.976341,1
1,1,0.97455,1
2,2,0.989755,1
1,1,0.975172,1
0,0,0.973792,1
0,1,0.639357,0
2,2,0.987781,1
2,2,0.991015,1
0,0,0.998187,1
0,1,0.67486,0
2,2,0.983683,1
0,0,0.998307,1
1,1,0.979723,1
0,0,0.998114,1
1,1,0.969845,1
2,2,0.991206,1
1,1,0.97523,1
2,2,0.990716,1
1,1,0.976931,1
0,0,0.971258,1
0,0,0.974964,1
1,1,0.886926,1
1,1,0.971055,1
1,1,0.979439,1
0,0,0.99818,1
1,1,0.975347,1
2,2,0.985528,1
2,2,0.988806,1
0,0,0.998062,1
2,2,0.989818,1
1,1,0.961952,1
2,2,0.986316,1
1,0,0.709286,0
1,0,0.736394,0
0,0,0.98466,1
0,0,0.97714,1
2,2,0.985105,1
0,0,0.998091,1
0,0,0.998089,1
1,1,0.97501,1
2,2,0.992887,1
2,2,0.935534,1
0,0,0.998184,1
2,2,0.992441,1
1,1,0.978269,1
1,1,0.967733,1
0,0,0.987386,1
2,2,0.984073,1
1,1,0.985047,1
0,0,0.9757,1
2,2,0.991307,1
0,0,0.976839,1
1,1,0.980212,1
0,0,0.862596,1
0,0,0.97733,1
2,2,0.977677,1
0,0,0.998249,1
2,2,0.983048,1
1,1,0.977476,1
2,2,0.987905,1
2,2,0.993182,1
0,0,0.998112,1
1,1,0.977928,1
1,1,0.972376,1
0,0,0.998158,1
1,1,0.978655,1
2,2,0.984889,1
1,1,0.812165,1
2,2,0.991165,1
0,0,0.998177,1
0,0,0.976058,1
1,1,0.978696,1
2,2,0.971758,1
0,0,0.974792,1
0,0,0.975562,1
0,0,0.977334,1
0,0,0.977718,1
0,0,0.977631,1
0,0,0.974755,1
1,1,0.957303,1
0,0,0.998105,1
1,1,0.976346,1
1,1,0.971725,1
0,0,0.97574,1
0,0,0.975557,1
0,0,0.974254,1
1,1,0.974014,1
1,1,0.970481,1
1,1,0.973716,1
2,2,0.992931,1
1,1,0.972831,1
2,2,0.989747,1
2,2,0.984111,1
0,0,0.983463,1
2,2,0.984781,1
2,2,0.991033,1
1,1,0.979033,1
2,2,0.988721,1
2,2,0.989987,1
0,0,0.99817,1
0,0,0.99816,1
1,1,0.977512,1
2,2,0.992781,1
2,2,0.992887,1
2,2,0.992965,1
2,2,0.987456,1
2,2,0.987781,1
2,2,0.989174,1
2,2,0.99115,1
1,1,0.968008,1
1,1,0.985783,1
0,0,0.998349,1
0,0,0.998133,1
0,0,0.998115,1
0,0,0.998197,1
0,0,0.975824,1
1,1,0.965734,1
0,0,0.984983,1
1,1,0.985047,1
2,2,0.993072,1
2,2,0.992555,1
2,2,0.991257,1
0,0,0.998167,1
0,0,0.97414,1
0,0,0.998117,1
1,1,0.970747,1
1,1,0.950305,1
1,1,0.976059,1
1,1,0.975492,1
2,2,0.989174,1
0,0,0.998042,1
0,0,0.973989,1
2,2,0.991343,1
1,1,0.727873,1
1,1,0.978084,1
1,1,0.946028,1
1,1,0.976231,1
2,2,0.99251,1
2,2,0.991774,1
2,2,0.993182,1
0,0,0.868537,1
0,0,0.97806,1
0,0,0.998091,1
0,0,0.998167,1
2,2,0.992695,1
0,0,0.998165,1
0,0,0.97707,1
1,1,0.898312,1
1,1,0.897138,1
2,2,0.980358,1
2,2,0.985528,1
1,1,0.971822,1
1,1,0.978615,1
2,2,0.983048,1
1,1,0.973725,1
2,2,0.99115,1
1,1,0.955791,1
1,1,0.98234,1
1,1,0.975396,1
0,0,0.972938,1
2,2,0.975574,1
2,2,0.993182,1
2,2,0.991015,1
1,1,0.973419,1
2,2,0.986553,1
2,2,0.991998,1
2,2,0.99115,1
2,2,0.986891,1
2,2,0.989636,1
1,1,0.978021,1
1,1,0.973158,1
2,2,0.992923,1
1,1,0.771626,1
0,0,0.556537,1
0,0,0.885381,1
1,1,0.96979,1
1,1,0.949319,1
0,0,0.998162,1
0,0,0.975424,1
1,1,0.946492,1
2,2,0.99115,1
1,1,0.974012,1
2,2,0.989116,1
0,0,0.682928,1
2,2,0.986891,1
0,0,0.986774,1
2,2,0.99219,1
1,1,0.985869,1
2,2,0.99073,1
2,2,0.992923,1
0,0,0.998103,1
2,2,0.986587,1
2,2,0.991774,1
1,1,0.949593,1
0,0,0.981407,1
0,0,0.974742,1
2,2,0.989799,1
0,0,0.975318,1
1,1,0.979439,1
1,1,0.976728,1
1,1,0.974168,1
2,2,0.992657,1
0,0,0.998125,1
0,0,0.99814,1
1,1,0.977221,1
2,2,0.988201,1
2,2,0.991015,1
2,2,0.989799,1
0,0,0.998227,1
0,0,0.975849,1
1,1,0.972702,1
0,0,0.998067,1
1,1,0.979403,1
2,2,0.98969,1
1,1,0.851169,1
2,2,0.99231,1
2,2,0.9911,1
1,1,0.952221,1
0,0,0.977738,1
0,0,0.975512,1
0,0,0.977713,1
1,1,0.860758,1
0,0,0.998217,1
1,1,0.975521,1
2,2,0.989411,1
0,0,0.998102,1
0,0,0.974155,1
2,2,0.991671,1
2,2,0.935534,1
2,2,0.99251,1
2,2,0.992555,1
2,2,0.988806,1
2,2,0.991257,1
1,1,0.977346,1
0,0,0.974942,1
2,2,0.974054,1
2,2,0.991442,1
2,2,0.983951,1
0,0,0.975056,1
2,2,0.986553,1
0,0,0.686734,1
2,2,0.989855,1
1,1,0.972517,1
0,0,0.991727,1
2,2,0.986784,1
0,0,0.998026,1
0,0,0.974926,1
0,0,0.976111,1
0,0,0.519308,1
0,0,0.998235,1
2,2,0.989502,1
0,0,0.975337,1
2,2,0.983777,1
2,2,0.992555,1
0,0,0.974558,1
1,1,0.914702,1
0,0,0.80981,1
1,1,0.974579,1
0,0,0.974415,1
1,1,0.976931,1
2,2,0.991998,1
0,0,0.977674,1
1,1,0.945841,1
1,1,0.94007,1
2,2,0.992696,1
2,2,0.989675,1
2,2,0.993422,1
1,1,0.965359,1
1,1,0.971781,1
2,2,0.991206,1
0,0,0.986648,1
1,1,0.72887,1
0,0,0.976325,1
2,2,0.990716,1
0,0,0.976696,1
2,2,0.987905,1
1,1,0.975891,1
2,2,0.987456,1
0,0,0.97588,1
0,0,0.973574,1
1,1,0.940789,1
2,2,0.989747,1
2,2,0.989747,1
1,1,0.947742,1
0,0,0.998148,1
0,0,0.99814,1
1,1,0.973419,1
0,0,0.998277,1
2,2,0.993154,1
1,1,0.970809,1
2,2,0.991206,1
2,2,0.975574,1
0,0,0.975887,1
0,0,0.998094,1
2,2,0.991837,1
2,2,0.988178,1
2,2,0.983683,1
0,0,0.974037,1
2,2,0.992879,1
1,1,0.978353,1
1,1,0.972528,1
0,0,0.976509,1
1,1,0.974337,1
0,0,0.998127,1
0,0,0.976163,1
1,1,0.782597,1
1,1,0.978164,1
0,0,0.97508,1
0,0,0.998185,1
2,2,0.97652,1
2,2,0.99123,1
2,2,0.99115,1
2,2,0.987905,1
2,2,0.99073,1
2,2,0.98969,1
0,0,0.977797,1
2,2,0.991298,1
0,0,0.976491,1
1,1,0.927013,1
2,2,0.984073,1
0,0,0.97732,1
1,1,0.97186,1
0,0,0.975404,1
2,2,0.989622,1
0,0,0.976381,1
2,2,0.991222,1
1,1,0.96996,1
2,2,0.983951,1
0,0,0.998176,1
2,2,0.992352,1
1,0,0.74052,0
0,0,0.975342,1
2,2,0.990983,1
0,0,0.998159,1
2,2,0.989622,1
1,1,0.97192,1
0,0,0.865379,1
1,0,0.535225,0
0,0,0.976742,1
0,0,0.998067,1
1,1,0.975929,1
2,2,0.992565,1
0,1,0.5203,0
0,0,0.998247,1
2,2,0.990499,1
0,0,0.974264,1
0,0,0.998177,1
0,0,0.998192,1
2,2,0.991442,1
1,1,0.97308,1
0,0,0.998059,1
1,1,0.976609,1
0,0,0.998104,1
0,0,0.540687,1
2,2,0.990375,1
0,0,0.998166,1
0,0,0.972649,1
0,0,0.974617,1
2,2,0.984111,1
0,0,0.998162,1
0,0,0.977711,1
2,2,0.992498,1
0,0,0.998158,1
1,1,0.974529,1
1,1,0.985948,1
1,1,0.975019,1
0,0,0.9981,1
2,2,0.987967,1
1,1,0.979076,1
0,0,0.976011,1
0,0,0.998145,1
1,1,0.978696,1
2,2,0.985105,1
0,0,0.975114,1
2,2,0.983683,1
0,0,0.973635,1
1,1,0.927013,1
1,1,0.972387,1
2,2,0.991107,1
1,0,0.50383,0
2,2,0.99276,1
1,1,0.976931,1
2,2,0.990779,1
0,0,0.975004,1
0,0,0.99821,1
1,1,0.972623,1
0,0,0.998195,1
0,1,0.620478,0
0,0,0.998076,1
0,0,0.998143,1
0,0,0.974626,1
0,0,0.998347,1
1,1,0.971393,1
2,2,0.993019,1
2,2,0.99219,1
0,0,0.998074,1
1,1,0.957672,1
1,1,0.976391,1
1,1,0.953282,1
1,1,0.975164,1
1,0,0.709286,0
2,2,0.971758,1
1,1,0.974428,1
0,0,0.9785,1
1,1,0.973851,1
1,1,0.972399,1
1,0,0.581777,0
1,1,0.971686,1
1,1,0.975208,1
0,0,0.998203,1
1,1,0.97533,1
2,2,0.988363,1
0,0,0.998159,1
0,0,0.998132,1
2,2,0.99289,1
2,2,0.992879,1
0,0,0.977223,1
0,0,0.99817,1
1,1,0.976531,1
0,0,0.998125,1
1,1,0.975389,1
0,0,0.914588,1
0,0,0.973188,1
1,1,0.837925,1
2,2,0.935534,1
0,0,0.987792,1
1,1,0.973666,1
2,2,0.988806,1
2,2,0.99276,1
0,0,0.998164,1
0,0,0.972116,1
0,0,0.998147,1
2,2,0.993237,1
2,2,0.987245,1
0,0,0.981592,1
0,1,0.708049,0
1,1,0.919277,1
0,0,0.998152,1
1,1,0.647572,1
0,0,0.973673,1
1,1,0.957303,1
1,1,0.964634,1
2,2,0.992736,1
0,0,0.998256,1
2,2,0.991998,1
0,0,0.984043,1
2,2,0.98476,1
2,2,0.989396,1
1,1,0.960507,1
1,1,0.974168,1
0,0,0.976425,1
0,0,0.998234,1
1,1,0.979855,1
0,0,0.978268,1
1,1,0.686154,1
2,2,0.991033,1
1,1,0.950305,1
0,0,0.990017,1
0,0,0.99821,1
2,2,0.974054,1
0,0,0.987192,1
1,1,0.95348,1
0,0,0.974956,1
1,1,0.977845,1
0,1,0.606694,0
0,0,0.992225,1
0,0,0.975767,1
1,1,0.973313,1
1,1,0.991957,1
1,1,0.972832,1
1,1,0.931957,1
2,2,0.974054,1
2,2,0.992178,1
1,1,0.977699,1
2,2,0.991671,1
1,1,0.974348,1
0,0,0.998144,1
1,1,0.97816,1
1,1,0.977091,1
0,0,0.998234,1
2,2,0.989174,1
2,2,0.992695,1
2,2,0.99231,1
0,0,0.976378,1
0,0,0.972779,1
0,0,0.998254,1
1,1,0.970347,1
1,1,0.976487,1
2,2,0.992965,1
2,2,0.992555,1
1,1,0.956385,1
1,1,0.973834,1
0,0,0.998189,1
0,0,0.976217,1
0,0,0.984414,1
1,1,0.503322,1
2,2,0.992112,1
1,1,0.945135,1
2,2,0.979437,1
0,0,0.998184,1
2,2,0.99022,1
0,0,0.998177,1
1,1,0.973612,1
2,2,0.986784,1
2,2,0.99115,1
2,2,0.99022,1
0,0,0.998146,1
1,1,0.971725,1
0,1,0.882115,0
2,2,0.98773,1
1,1,0.971993,1
2,2,0.988178,1
2,2,0.990598,1
0,0,0.974915,1
0,0,0.99814,1
2,2,0.992879,1
2,2,0.989801,1
1,1,0.97235,1
0,0,0.998055,1
1,1,0.970809,1
2,2,0.988178,1
0,0,0.998272,1
0,0,0.998108,1
0,0,0.975895,1
0,0,0.992582,1
2,2,0.991015,1
2,2,0.9911,1
0,0,0.687875,1
1,1,0.985869,1
0,0,0.998238,1
2,2,0.983683,1
2,2,0.983683,1
1,1,0.976789,1
0,1,0.601068,0
1,1,0.928309,1
2,2,0.992879,1
2,2,0.991298,1
2,2,0.988806,1
0,0,0.988695,1
0,0,0.982123,1
1,1,0.976614,1
2,2,0.983951,1
2,2,0.99276,1
2,2,0.992491,1
1,1,0.985948,1
0,0,0.998231,1
1,1,0.974369,1
2,2,0.992736,1
2,2,0.98812,1
2,2,0.991329,1
2,2,0.989755,1
0,0,0.998281,1
2,2,0.987905,1
1,1,0.973986,1
1,1,0.973501,1
2,2,0.992781,1
2,2,0.991329,1
0,0,0.781612,1
1,1,0.971497,1
0,0,0.998167,1
1,1,0.923603,1
0,0,0.983345,1
0,0,0.998177,1
2,2,0.991298,1
1,1,0.952367,1
2,2,0.98654,1
0,0,0.998242,1
2,2,0.991442,1
2,2,0.991671,1
0,1,0.935007,0
1,1,0.976789,1
2,2,0.974054,1
1,1,0.97535,1
0,0,0.998076,1
2,2,0.991107,1
1,1,0.823561,1
0,0,0.977742,1
1,1,0.973786,1
2,2,0.988806,1
2,2,0.989747,1
0,0,0.985564,1
0,1,0.785828,0
2,2,0.992565,1
1,1,0.978931,1
1,1,0.972641,1
1,1,0.920655,1
2,2,0.990983,1
1,1,0.972141,1
2,2,0.992488,1
2,2,0.991307,1
0,0,0.974726,1
1,1,0.978375,1
1,1,0.971058,1
0,0,0.998033,1
2,2,0.987456,1
2,2,0.991206,1
2,2,0.978739,1
1,1,0.96573,1
2,2,0.992112,1
0,0,0.99818,1
2,2,0.987967,1
0,0,0.998199,1
1,1,0.963584,1
0,0,0.992146,1
0,0,0.998098,1
0,0,0.998278,1
2,2,0.984781,1
2,2,0.992657,1
1,1,0.977886,1
1,1,0.934974,1
2,2,0.99251,1
1,1,0.871401,1
2,2,0.988252,1
1,1,0.976289,1
2,2,0.992767,1
2,2,0.987881,1
1,1,0.978269,1
1,1,0.983845,1
1,1,0.96316,1
0,0,0.998045,1
0,0,0.938734,1
0,0,0.974739,1
0,0,0.99808,1
2,2,0.993019,1
1,1,0.975883,1
2,2,0.984111,1
1,1,0.98137,1
1,1,0.972724,1
0,0,0.998314,1
1,1,0.977133,1
0,0,0.976985,1
0,0,0.998135,1
2,2,0.985817,1
2,2,0.992352,1
1,1,0.951463,1
0,0,0.97658,1
2,2,0.993237,1
1,1,0.972449,1
0,0,0.998154,1
0,0,0.998101,1
1,1,0.925829,1
1,1,0.983165,1
1,1,0.735277,1
0,0,0.97429,1
1,1,0.974918,1
2,2,0.993182,1
2,2,0.990598,1
0,0,0.976437,1
2,2,0.990155,1
0,0,0.998176,1
1,1,0.561733,1
0,0,0.974526,1
2,2,0.993019,1
2,2,0.985811,1
0,0,0.998105,1
1,1,0.976873,1
1,1,0.963397,1
1,1,0.960286,1
2,2,0.982282,1
0,0,0.998228,1
2,2,0.990779,1
1,1,0.972392,1
0,0,0.998078,1
0,0,0.998216,1
2,2,0.988338,1
2,2,0.990598,1
0,0,0.998133,1
0,0,0.998128,1
0,0,0.99022,1
0,0,0.974544,1
1,1,0.974528,1
0,1,0.650597,0
0,0,0.998131,1
2,2,0.98812,1
2,2,0.992555,1
1,1,0.976385,1
1,1,0.977489,1
1,1,0.976848,1
2,2,0.992783,1
1,1,0.903159,1
2,2,0.9911,1
2,2,0.978739,1
1,1,0.977832,1
2,2,0.989799,1
1,1,0.970809,1
2,2,0.982282,1
2,2,0.992245,1
0,0,0.99805,1
1,1,0.88673,1
1,1,0.979121,1
0,0,0.978533,1
2,2,0.992178,1
0,0,0.974491,1
1,1,0.973285,1
1,1,0.984738,1
1,1,0.975155,1
1,1,0.96097,1
1,1,0.815533,1
0,0,0.998142,1
0,0,0.998151,1
0,0,0.977243,1
2,2,0.983777,1
0,0,0.998035,1
2,2,0.990952,1
0,1,0.677467,0
2,2,0.98969,1
0,0,0.975381,1
0,0,0.973618,1
2,2,0.990779,1
1,1,0.973746,1
0,0,0.657892,1
2,2,0.989636,1
1,1,0.974911,1
2,2,0.988597,1
1,1,0.666362,1
0,0,0.67332,1
0,0,0.987219,1
2,2,0.98984,1
2,2,0.993072,1
2,2,0.986085,1
0,0,0.973603,1
1,1,0.971353,1
1,1,0.955638,1
1,1,0.979223,1
0,0,0.976445,1
0,0,0.998095,1
1,1,0.971572,1
2,2,0.988496,1
2,2,0.988178,1
1,1,0.842465,1
0,0,0.841222,1
1,1,0.976614,1
1,1,0.965734,1
1,1,0.973744,1
1,1,0.983405,1
1,1,0.971686,1
2,2,0.993237,1
2,2,0.989622,1
0,0,0.971091,1
2,2,0.992931,1
1,1,0.971789,1
2,2,0.983683,1
2,2,0.986891,1
2,2,0.99231,1
0,0,0.998129,1
0,0,0.978789,1
0,0,0.998183,1
0,0,0.976824,1
0,0,0.973661,1
2,2,0.992657,1
2,2,0.992931,1
2,2,0.992498,1
0,0,0.975609,1
1,1,0.985334,1
1,1,0.970608,1
0,0,0.975612,1
0,0,0.977584,1
0,0,0.976043,1
2,2,0.990375,1
2,2,0.987905,1
1,1,0.971774,1
0,0,0.769513,1
2,2,0.984781,1
2,2,0.992781,1
0,0,0.976754,1
2,2,0.989411,1
0,0,0.978952,1
0,0,0.998058,1
2,2,0.99231,1
0,0,0.976538,1
1,1,0.973428,1
0,0,0.976553,1
1,1,0.974093,1
0,0,0.976866,1
0,0,0.976799,1
1,1,0.973874,1
2,2,0.98773,1
0,0,0.998175,1
0,0,0.998095,1
1,1,0.952302,1
2,2,0.971758,1
2,2,0.989675,1
2,2,0.992696,1
2,2,0.989747,1
2,2,0.975574,1
1,1,0.972967,1
2,2,0.991307,1
2,2,0.992311,1
2,2,0.989411,1
2,2,0.985105,1
2,2,0.979437,1
2,2,0.993237,1
0,0,0.998119,1
1,1,0.95419,1
2,2,0.986891,1
0,0,0.976919,1
1,1,0.966271,1
1,1,0.972288,1
1,1,0.975232,1
1,1,0.978353,1
1,1,0.975912,1
0,0,0.972845,1
0,0,0.998191,1
0,0,0.998453,1
2,2,0.992737,1
0,0,0.9752,1
2,2,0.992491,1
2,2,0.990499,1
1,1,0.966926,1
0,0,0.988285,1
2,2,0.99251,1
0,1,0.808773,0
1,1,0.976466,1
2,2,0.988806,1
1,1,0.979856,1
1,1,0.973786,1
2,2,0.986316,1
2,2,0.992783,1
1,1,0.967733,1
0,0,0.998024,1
0,0,0.998035,1
0,0,0.975616,1
0,0,0.998247,1
1,1,0.974256,1
2,2,0.986587,1
1,1,0.975896,1
2,2,0.971758,1
1,1,0.976282,1
0,0,0.975538,1
0,0,0.975565,1
1,1,0.983549,1
2,2,0.989855,1
1,1,0.823561,1
0,0,0.998091,1
2,2,0.992887,1
0,0,0.975983,1
0,0,0.987981,1
0,0,0.998185,1
2,2,0.987456,1
0,0,0.974527,1
2,2,0.990952,1
0,0,0.998296,1
2,2,0.99219,1
2,2,0.991998,1
2,2,0.993237,1
1,1,0.978084,1
1,1,0.975299,1
0,0,0.998036,1
1,1,0.835713,1
2,2,0.988721,1
0,0,0.975076,1
1,1,0.971812,1
1,1,0.973986,1
2,2,0.986587,1
1,0,0.606978,0
2,2,0.989213,1
2,2,0.991774,1
0,0,0.987651,1
0,0,0.975401,1
1,1,0.969204,1
0,1,0.781425,0
1,1,0.974459,1
2,2,0.979437,1
0,0,0.973989,1
1,1,0.97895,1
2,2,0.989622,1
2,2,0.991837,1
2,2,0.988806,1
1,1,0.975907,1
1,1,0.976342,1
1,1,0.985158,1
1,1,0.972641,1
1,1,0.985053,1
2,2,0.99022,1
1,1,0.977083,1
2,2,0.993237,1
2,2,0.985528,1
2,2,0.992931,1
2,2,0.992555,1
0,0,0.998245,1
0,0,0.99816,1
0,0,0.998101,1
0,0,0.998109,1
2,2,0.991307,1
0,1,0.555307,0
2,2,0.988201,1
0,0,0.973384,1
1,1,0.976744,1
0,0,0.994888,1
2,2,0.979437,1
1,1,0.979552,1
1,1,0.975741,1
0,0,0.973862,1
2,2,0.992737,1
0,0,0.998177,1
0,1,0.843754,0
1,1,0.971686,1
0,0,0.977914,1
0,0,0.677568,1
0,0,0.97971,1
1,1,0.973313,1
2,2,0.98476,1
1,1,0.961952,1
2,2,0.988597,1
0,1,0.696505,0
1,1,0.97178,1
2,2,0.991343,1
2,2,0.99251,1
1,1,0.810223,1
0,0,0.998199,1
1,1,0.983199,1
2,2,0.983951,1
0,0,0.975127,1
1,1,0.976597,1
2,2,0.988721,1
2,2,0.992555,1
1,1,0.97351,1
1,1,0.871401,1
0,0,0.97712,1
2,2,0.986085,1
0,0,0.975116,1
2,2,0.991033,1
2,2,0.98984,1
2,2,0.974054,1
2,2,0.989411,1
0,0,0.97313,1
1,1,0.975128,1
2,2,0.989502,1
2,2,0.99022,1
1,1,0.944658,1
1,1,0.975744,1
1,1,0.975734,1
1,1,0.977445,1
1,1,0.927013,1
2,2,0.991206,1
1,1,0.623819,1
2,2,0.985811,1
2,2,0.99115,1
1,1,0.979631,1
0,0,0.998173,1
1,1,0.907895,1
1,1,0.503322,1
0,0,0.974069,1
0,0,0.975748,1
2,2,0.975574,1
0,0,0.974315,1
0,0,0.998135,1
2,2,0.986407,1
1,1,0.976303,1
2,2,0.989636,1
1,1,0.919527,1
2,2,0.992657,1
2,2,0.992521,1
2,2,0.975574,1
0,0,0.974523,1
0,0,0.998145,1
1,1,0.736383,1
0,0,0.974747,1
1,1,0.977476,1
2,2,0.984111,1
1,1,0.794126,1
0,0,0.998176,1
1,1,0.754825,1
2,2,0.992737,1
2,2,0.993154,1
2,2,0.99123,1
1,0,0.688686,0
0,0,0.998227,1
2,2,0.989589,1
2,2,0.989636,1
0,0,0.998091,1
1,1,0.977142,1
2,2,0.979437,1
0,0,0.975585,1
1,1,0.984703,1
0,0,0.974931,1
2,2,0.987781,1
2,2,0.979437,1
1,1,0.974889,1
2,2,0.991165,1
1,1,0.979245,1
1,1,0.966271,1
1,1,0.924656,1
0,0,0.978212,1
0,0,0.978486,1
0,0,0.569883,1
2,2,0.986891,1
2,2,0.989755,1
0,0,0.974617,1
2,2,0.988806,1
1,1,0.975734,1
2,2,0.991206,1
0,0,0.977207,1
0,0,0.998036,1
2,2,0.99289,1
0,0,0.998146,1
2,2,0.989747,1
2,2,0.991107,1
1,1,0.982556,1
1,1,0.982328,1
2,2,0.974054,1
1,1,0.986369,1
0,0,0.998107,1
1,1,0.986189,1
1,1,0.969845,1
2,2,0.992347,1
2,2,0.988252,1
2,2,0.993422,1
0,0,0.975448,1
2,2,0.992498,1
1,1,0.973386,1
1,1,0.781731,1
2,2,0.990499,1
0,0,0.998137,1
0,0,0.998195,1
0,0,0.976769,1
1,1,0.927144,1
0,0,0.976353,1
2,2,0.981275,1
1,1,0.929129,1
2,2,0.989855,1
0,0,0.728486,1
1,1,0.972147,1
0,0,0.975554,1
1,1,0.972376,1
0,0,0.998152,1
2,2,0.965386,1
2,2,0.99231,1
0,0,0.974772,1
2,2,0.991107,1
1,0,0.590955,0
1,1,0.922412,1
1,1,0.909822,1
2,2,0.991107,1
0,0,0.985255,1
2,2,0.984111,1
0,0,0.987112,1
2,2,0.987905,1
0,0,0.972606,1
0,0,0.998132,1
0,0,0.998172,1
2,2,0.992921,1
2,2,0.992783,1
2,2,0.993449,1
2,2,0.990375,1
1,1,0.973387,1
0,0,0.998153,1
0,0,0.975858,1
0,0,0.998049,1
2,2,0.988721,1
0,0,0.974282,1
0,0,0.998263,1
0,0,0.974616,1
0,0,0.998205,1
0,0,0.998211,1
0,0,0.542533,1
1,1,0.973649,1
2,2,0.989116,1
2,2,0.989636,1
2,2,0.991107,1
2,2,0.984781,1
2,2,0.987905,1
2,2,0.988978,1
0,0,0.974241,1
2,2,0.991774,1
1,1,0.976282,1
0,0,0.998177,1
2,2,0.984889,1
0,0,0.835109,1
0,0,0.998434,1
2,2,0.935534,1
0,0,0.975993,1
1,1,0.967361,1
2,2,0.992498,1
1,1,0.976539,1
0,0,0.977311,1
2,2,0.992245,1
1,1,0.901691,1
0,0,0.975142,1
2,2,0.992923,1
2,2,0.990598,1
2,2,0.992781,1
2,2,0.989855,1
2,2,0.988721,1
2,2,0.978236,1
1,1,0.976281,1
2,2,0.992781,1
1,1,0.971066,1
1,1,0.886926,1
1,1,0.9748,1
1,1,0.978441,1
2,2,0.992657,1
1,1,0.982184,1
1,1,0.974293,1
0,0,0.975313,1
0,0,0.99806,1
1,1,0.974263,1
2,2,0.986587,1
0,0,0.998179,1
1,1,0.975614,1
2,2,0.98654,1
2,2,0.991774,1
1,1,0.733466,1
2,2,0.991837,1
1,1,0.973878,1
0,1,0.625881,0
1,1,0.975347,1
2,2,0.99073,1
0,0,0.998213,1
1,1,0.976974,1
1,1,0.978187,1
2,2,0.98969,1
0,0,0.9981,1
1,1,0.945362,1
0,0,0.998123,1
1,1,0.98494,1
0,0,0.983674,1
2,2,0.99219,1
1,1,0.973725,1
2,2,0.990779,1
2,2,0.99123,1
1,1,0.976789,1
2,2,0.977677,1
2,2,0.986085,1
0,0,0.998139,1
1,1,0.979083,1
2,2,0.981244,1
0,0,0.979127,1
1,1,0.943144,1
0,0,0.998103,1
1,1,0.969108,1
2,2,0.991298,1
0,0,0.998219,1
1,1,0.971099,1
1,1,0.947742,1
1,1,0.947964,1
1,1,0.976088,1
1,1,0.971754,1
0,0,0.99807,1
2,2,0.993182,1
2,2,0.935534,1
0,0,0.975322,1
1,1,0.979889,1
1,1,0.97842,1
1,0,0.553665,0
1,1,0.976616,1
2,2,0.98812,1
2,2,0.990598,1
0,0,0.980679,1
0,0,0.973474,1
0,0,0.998115,1
2,2,0.992923,1
1,1,0.979121,1
0,0,0.976971,1
1,1,0.97008,1
2,2,0.987967,1
2,2,0.991774,1
1,1,0.974093,1
2,2,0.992781,1
2,2,0.991092,1
1,1,0.773115,1
0,0,0.977771,1
1,1,0.985769,1
0,0,0.99817,1
2,2,0.992112,1
0,0,0.998186,1
2,2,0.988363,1
1,0,0.510923,0
1,1,0.977197,1
2,2,0.987781,1
1,1,0.976335,1
1,1,0.961038,1
0,0,0.998096,1
1,1,0.971411,1
2,2,0.992887,1
1,1,0.974938,1
2,2,0.98476,1
2,2,0.969439,1
0,0,0.989373,1
1,1,0.97569,1
0,0,0.976842,1
1,1,0.978311,1
0,0,0.757208,1
0,0,0.975249,1
1,1,0.930866,1
0,1,0.540569,0
1,1,0.971007,1
1,1,0.773115,1
2,2,0.989675,1
2,2,0.988252,1
2,2,0.991206,1
2,2,0.989213,1
1,1,0.972623,1
1,1,0.973523,1
2,2,0.989855,1
1,1,0.973903,1
1,1,0.938314,1
0,0,0.973917,1
2,2,0.99123,1
2,2,0.992921,1
0,0,0.97593,1
0,0,0.998292,1
1,1,0.976342,1
2,2,0.992736,1
2,2,0.99022,1
0,0,0.9837,1
0,0,0.975966,1
1,1,0.971993,1
1,1,0.973855,1
0,0,0.988088,1
2,2,0.977677,1
2,2,0.983951,1
1,1,0.920846,1
0,0,0.974569,1
2,2,0.991998,1
2,2,0.978236,1
1,1,0.977156,1
2,2,0.986891,1
1,1,0.978084,1
2,2,0.993154,1
2,2,0.989396,1
0,0,0.998273,1
0,0,0.97461,1
2,2,0.982282,1
2,2,0.990155,1
1,1,0.940185,1
1,1,0.969119,1
1,1,0.971802,1
2,2,0.988721,1
0,0,0.998198,1
1,1,0.977832,1
0,0,0.973104,1
2,2,0.993251,1
0,0,0.998166,1
1,1,0.981224,1
2,2,0.978236,1
1,1,0.980212,1
1,1,0.972641,1
0,0,0.998176,1
2,2,0.993251,1
0,0,0.993113,1
0,0,0.998137,1
1,1,0.88538,1
2,2,0.985916,1
1,1,0.897998,1
1,1,0.837925,1
2,2,0.99022,1
0,0,0.998253,1
2,2,0.988978,1
1,1,0.647572,1
1,1,0.983405,1
0,0,0.9981,1
1,1,0.974125,1
0,0,0.976131,1
1,1,0.984705,1
2,2,0.990375,1
1,1,0.981811,1
2,2,0.977677,1
2,2,0.986553,1
2,2,0.990598,1
2,2,0.992879,1
1,1,0.979732,1
2,2,0.9911,1
1,1,0.975535,1
1,1,0.970255,1
1,0,0.644373,0
1,1,0.977519,1
1,1,0.978269,1
2,2,0.992521,1
1,1,0.730511,1
0,0,0.976321,1
1,1,0.95399,1
0,0,0.976403,1
1,1,0.925131,1
1,1,0.985869,1
2,2,0.990983,1
2,2,0.992491,1
1,1,0.983199,1
2,2,0.989818,1
0,0,0.998105,1
0,0,0.998106,1
0,0,0.998236,1
0,0,0.975931,1
1,1,0.971223,1
2,2,0.992781,1
0,0,0.99816,1
0,0,0.99806,1
2,2,0.989174,1
1,1,0.97223,1
0,0,0.998198,1
0,0,0.998374,1
2,2,0.986316,1
1,1,0.975777,1
0,0,0.998304,1
0,0,0.998195,1
1,1,0.921254,1
2,2,0.992321,1
2,2,0.990375,1
1,1,0.941071,1
2,2,0.98984,1
1,1,0.979223,1
0,1,0.79277,0
0,0,0.982451,1
1,1,0.98137,1
2,2,0.99251,1
1,1,0.975636,1
1,1,0.977404,1
2,2,0.988721,1
2,2,0.990779,1
0,0,0.99814,1
0,0,0.998099,1
0,0,0.976518,1
1,1,0.97535,1
0,0,0.998205,1
2,2,0.991774,1
2,2,0.991298,1
1,1,0.970543,1
2,2,0.991671,1
1,1,0.984962,1
2,2,0.992737,1
1,1,0.901691,1
2,2,0.971758,1
2,2,0.984073,1
2,2,0.978236,1
1,1,0.971725,1
2,2,0.978236,1
2,2,0.989675,1
1,1,0.97535,1
1,1,0.977717,1
2,2,0.992736,1
2,2,0.986892,1
0,0,0.977557,1
2,2,0.98812,1
2,2,0.987781,1
2,2,0.983048,1
1,1,0.972897,1
1,1,0.972685,1
2,2,0.987456,1
2,2,0.992921,1
2,2,0.988252,1
2,2,0.99251,1
1,1,0.776845,1
0,0,0.977036,1
1,1,0.947806,1
0,0,0.806934,1
0,0,0.974218,1
1,1,0.969204,1
2,2,0.989987,1
0,0,0.976649,1
2,2,0.989636,1
1,1,0.97192,1
2,2,0.986892,1
0,0,0.99835,1
1,1,0.976789,1
1,1,0.976743,1
2,2,0.983951,1
2,2,0.991206,1
2,2,0.983777,1
0,0,0.844447,1
0,0,0.998057,1
0,0,0.998102,1
1,1,0.975699,1
1,1,0.914319,1
1,1,0.978969,1
1,1,0.975411,1
1,1,0.787149,1
2,2,0.990779,1
0,0,0.998118,1
2,2,0.989818,1
2,2,0.987967,1
2,2,0.990983,1
0,0,0.998142,1
1,1,0.975034,1
0,0,0.97794,1
2,2,0.984073,1
2,2,0.990716,1
0,0,0.998246,1
1,1,0.979082,1
0,1,0.691133,0
1,1,0.927013,1
1,1,0.96336,1
0,0,0.975227,1
0,0,0.975622,1
2,2,0.989675,1
2,2,0.987967,1
1,1,0.894295,1
1,1,0.930866,1
2,2,0.987881,1
0,0,0.983235,1
0,0,0.998248,1
1,1,0.975492,1
2,2,0.99341,1
0,0,0.977072,1
1,1,0.974012,1
2,2,0.991222,1
1,1,0.936067,1
2,2,0.991671,1
2,2,0.977677,1
1,1,0.927013,1
2,2,0.990598,1
0,0,0.998218,1
0,0,0.974421,1
1,1,0.981727,1
2,2,0.984111,1
2,2,0.98476,1
1,1,0.97783,1
1,1,0.976955,1
0,0,0.59789,1
1,1,0.93787,1
1,1,0.61751,1
0,0,0.998158,1
0,0,0.975621,1
1,1,0.957672,1
2,2,0.985528,1
2,2,0.992737,1
1,1,0.974911,1
0,0,0.998113,1
0,0,0.973568,1
0,0,0.98827,1
2,2,0.988597,1
0,0,0.975159,1
2,2,0.988597,1
1,1,0.97783,1
0,0,0.976912,1
0,0,0.973469,1
1,1,0.976935,1
1,1,0.973716,1
0,0,0.998126,1
0,0,0.998086,1
1,1,0.955638,1
2,2,0.98476,1
2,2,0.991998,1
1,1,0.971658,1
0,0,0.998175,1
1,1,0.914702,1
0,0,0.974667,1
0,0,0.9981,1
0,0,0.984352,1
2,2,0.993019,1
1,1,0.975663,1
0,0,0.998078,1
0,0,0.998153,1
0,0,0.998138,1
2,2,0.982282,1
1,1,0.973242,1
0,0,0.876662,1
2,2,0.989213,1
1,1,0.980037,1
0,0,0.99814,1
2,2,0.984889,1
0,0,0.998128,1
1,1,0.942893,1
2,2,0.988597,1
2,2,0.992112,1
2,2,0.990779,1
2,2,0.986892,1
2,2,0.983683,1
0,0,0.998074,1
0,0,0.975638,1
1,1,0.960638,1
2,2,0.99073,1
2,2,0.992783,1
0,0,0.998184,1
0,0,0.9983,1
0,0,0.975581,1
0,0,0.98684,1
1,1,0.978201,1
0,0,0.976729,1
0,0,0.998104,1
1,1,0.975565,1
1,1,0.977083,1
2,2,0.992491,1
1,1,0.982013,1
2,2,0.988978,1
0,0,0.998147,1
1,1,0.984412,1
1,1,0.966271,1
1,1,0.593912,1
0,0,0.998179,1
0,0,0.991806,1
1,1,0.914702,1
0,0,0.972442,1
0,0,0.984502,1
0,0,0.998068,1
2,2,0.98654,1
1,1,0.971822,1
2,2,0.990375,1
0,0,0.977345,1
0,0,0.977064,1
1,1,0.975492,1
1,1,0.980783,1
2,2,0.993154,1
1,1,0.973805,1
1,1,0.96996,1
1,1,0.972837,1
1,1,0.958319,1
0,0,0.998064,1
0,0,0.99832,1
2,2,0.993072,1
1,1,0.978353,1
2,2,0.993182,1
1,1,0.975124,1
2,2,0.992695,1
0,0,0.993629,1
1,1,0.980281,1
0,0,0.982399,1
1,1,0.978696,1
0,0,0.998089,1
2,2,0.992781,1
0,0,0.998307,1
2,2,0.990779,1
0,0,0.998146,1
2,2,0.992736,1
2,2,0.984889,1
0,0,0.99812,1
0,0,0.518823,1
2,2,0.989636,1
2,2,0.989116,1
1,1,0.972682,1
0,0,0.998065,1
0,0,0.973572,1
1,1,0.96638,1
1,1,0.93324,1
2,2,0.988201,1
0,0,0.998122,1
1,1,0.928064,1
0,0,0.991158,1
2,2,0.983777,1
0,0,0.977563,1
0,0,0.998183,1
0,0,0.998292,1
2,2,0.983777,1
0,0,0.998195,1
1,1,0.977343,1
1,1,0.771626,1
0,0,0.99807,1
1,1,0.983252,1
2,2,0.988191,1
1,1,0.90691,1
1,1,0.958573,1
0,0,0.998127,1
2,2,0.987967,1
1,1,0.859897,1
0,0,0.974055,1
2,2,0.992441,1
2,2,0.991329,1
0,0,0.978739,1
1,1,0.978349,1
1,1,0.971686,1
2,2,0.992923,1
1,1,0.647572,1
1,1,0.977746,1
1,1,0.977514,1
2,2,0.984073,1
2,2,0.990499,1
1,1,0.975411,1
1,1,0.973378,1
0,0,0.539916,1
1,1,0.949601,1
0,0,0.998144,1
2,2,0.988338,1
0,0,0.998125,1
1,1,0.973457,1
2,2,0.983048,1
2,2,0.982282,1
1,1,0.975402,1
2,2,0.990716,1
1,1,0.949092,1
2,2,0.985528,1
1,1,0.814691,1
1,1,0.971686,1
2,2,0.989213,1
1,1,0.972519,1
0,0,0.99807,1
1,1,0.971066,1
2,2,0.991442,1
2,2,0.989747,1
0,0,0.973766,1
2,2,0.989855,1
2,2,0.991307,1
2,2,0.977677,1
0,0,0.975153,1
0,0,0.977049,1
1,1,0.974983,1
1,1,0.97839,1
1,1,0.962509,1
0,0,0.975674,1
1,1,0.92777,1
1,1,0.906334,1
2,2,0.987905,1
0,0,0.975531,1
2,2,0.985916,1
1,1,0.97556,1
0,0,0.987839,1
0,0,0.675097,1
0,0,0.976881,1
0,0,0.998144,1
2,2,0.984889,1
2,2,0.991222,1
0,0,0.998144,1
0,0,0.884453,1
0,0,0.974816,1
2,2,0.991257,1
1,1,0.978164,1
2,2,0.989589,1
0,0,0.971945,1
2,2,0.984073,1
0,0,0.849192,1
1,1,0.72887,1
0,0,0.998164,1
2,2,0.992879,1
1,1,0.973903,1
1,1,0.975565,1
0,0,0.998323,1
1,1,0.97842,1
1,1,0.971525,1
1,1,0.975256,1
1,1,0.960638,1
1,1,0.957672,1
0,0,0.998138,1
1,1,0.97567,1
2,2,0.993237,1
1,1,0.976955,1
2,2,0.990779,1
2,2,0.99276,1
2,2,0.988338,1
0,0,0.998186,1
2,2,0.992565,1
1,1,0.974369,1
0,1,0.538766,0
0,0,0.851499,1
0,0,0.569921,1
2,2,0.986891,1
2,2,0.99341,1
2,2,0.991222,1
0,0,0.971687,1
2,2,0.989636,1
2,2,0.987549,1
2,2,0.989855,1
0,0,0.976212,1
1,1,0.984192,1
2,2,0.988721,1
2,2,0.993182,1
1,1,0.76548,1
1,1,0.929506,1
1,1,0.985948,1
0,0,0.728638,1
1,1,0.938286,1
1,1,0.9748,1
0,0,0.974215,1
0,0,0.998095,1
1,1,0.907951,1
2,2,0.993237,1
2,2,0.992347,1
1,1,0.978441,1
1,1,0.928819,1
2,2,0.989755,1
2,2,0.992695,1
2,2,0.991307,1
0,0,0.985735,1
2,2,0.991257,1
1,1,0.956877,1
2,2,0.992565,1
1,1,0.97622,1
0,0,0.72185,1
0,0,0.998185,1
0,0,0.975596,1
1,1,0.969845,1
2,2,0.99341,1
2,2,0.988721,1
2,2,0.992695,1
1,1,0.973198,1
2,2,0.99341,1
0,0,0.972191,1
0,0,0.998206,1
0,0,0.998142,1
2,2,0.985916,1
1,1,0.974012,1
2,2,0.992311,1
0,0,0.973987,1
0,0,0.832495,1
2,2,0.988496,1
0,0,0.998231,1
2,2,0.987245,1
2,2,0.983683,1
1,1,0.983845,1
2,2,0.988191,1
0,0,0.998051,1
1,1,0.975734,1
0,0,0.998133,1
2,2,0.989747,1
2,2,0.991774,1
0,0,0.994178,1
0,0,0.998297,1
2,2,0.992498,1
2,2,0.992923,1
0,0,0.975351,1
1,1,0.971797,1
0,0,0.975078,1
1,1,0.915767,1
1,1,0.977855,1
2,2,0.988252,1
0,0,0.998169,1
1,1,0.940902,1
2,2,0.986891,1
0,0,0.998095,1
0,0,0.998217,1
0,0,0.998106,1
0,0,0.859005,1
2,2,0.989396,1
2,2,0.992695,1
2,2,0.99289,1
1,1,0.978423,1
0,0,0.625453,1
2,2,0.9911,1
1,1,0.970919,1
2,2,0.991107,1
2,2,0.992965,1
1,1,0.973523,1
2,2,0.992321,1
0,0,0.998062,1
1,1,0.893392,1
2,2,0.978739,1
0,0,0.741232,1
1,1,0.971779,1
1,1,0.973409,1
0,0,0.98356,1
2,2,0.984073,1
1,1,0.975232,1
2,2,0.978236,1
2,2,0.983951,1
2,2,0.991329,1
0,0,0.976647,1
0,0,0.998338,1
2,2,0.989396,1
1,1,0.93789,1
2,2,0.991298,1
0,1,0.513749,0
0,0,0.998138,1
1,1,0.977508,1
1,1,0.982749,1
0,0,0.99818,1
2,2,0.992555,1
0,0,0.870907,1
1,1,0.975995,1
0,0,0.973115,1
0,0,0.998117,1
1,1,0.975912,1
0,0,0.998073,1
0,0,0.978429,1
1,1,0.974317,1
1,1,0.974369,1
1,1,0.975232,1
0,0,0.976908,1
0,0,0.998124,1
1,1,0.974962,1
2,2,0.99276,1
1,1,0.930886,1
2,2,0.988806,1
0,0,0.998108,1
2,2,0.986085,1
1,0,0.536712,0
2,2,0.992498,1
0,0,0.998163,1
1,1,0.978146,1
2,2,0.99341,1
2,2,0.99251,1
0,0,0.992819,1
0,0,0.974194,1
1,1,0.983406,1
0,0,0.998369,1
0,0,0.975187,1
0,0,0.994952,1
1,1,0.974879,1
1,1,0.970663,1
2,2,0.989174,1
2,2,0.992921,1
1,1,0.973386,1
2,2,0.965386,1
1,1,0.971942,1
2,2,0.987245,1
1,1,0.976539,1
2,2,0.99115,1
2,2,0.986587,1
2,2,0.991165,1
1,1,0.981224,1
2,2,0.992781,1
1,1,0.937634,1
2,2,0.992474,1
0,0,0.975022,1
1,1,0.975929,1
0,0,0.998235,1
0,0,0.998104,1
1,1,0.979537,1
1,1,0.97638,1
2,2,0.992347,1
2,2,0.989213,1
2,2,0.988201,1
2,2,0.991998,1
2,2,0.990779,1
0,0,0.973084,1
2,2,0.935534,1
0,0,0.99814,1
1,1,0.943671,1
1,1,0.989324,1
1,1,0.975336,1
1,1,0.960051,1
0,0,0.998097,1
2,2,0.990952,1
1,1,0.95348,1
2,2,0.989855,1
1,1,0.976111,1
0,0,0.998106,1
2,2,0.971758,1
0,0,0.998311,1
2,2,0.986085,1
2,2,0.988363,1
0,0,0.998093,1
2,2,0.987456,1
0,0,0.998359,1
0,0,0.976038,1
0,0,0.998166,1
2,2,0.986891,1
1,1,0.945135,1
0,0,0.99815,1
2,2,0.989636,1
1,1,0.97614,1
1,1,0.975418,1
0,0,0.998175,1
2,2,0.989622,1
0,0,0.975154,1
0,0,0.987309,1
1,1,0.965359,1
0,0,0.998345,1
0,0,0.97712,1
2,2,0.99231,1
1,1,0.972293,1
2,2,0.984111,1
2,2,0.989502,1
0,0,0.982704,1
0,0,0.975916,1
1,1,0.862468,1
1,1,0.969538,1
0,0,0.998154,1
2,2,0.991998,1
1,1,0.973579,1
0,0,0.979482,1
2,2,0.992321,1
2,2,0.990983,1
2,2,0.992474,1
0,0,0.998027,1
1,1,0.91419,1
0,0,0.998081,1
2,2,0.965386,1
1,1,0.973874,1
0,0,0.998242,1
0,0,0.97893,1
0,0,0.998069,1
2,2,0.988191,1
0,0,0.983769,1
1,1,0.940232,1
0,0,0.998215,1
1,1,0.977845,1
0,0,0.998111,1
2,2,0.990155,1
2,2,0.990952,1
1,1,0.9727,1
1,1,0.9648,1
2,2,0.986587,1
1,1,0.838549,1
0,0,0.998116,1
1,1,0.972818,1
2,2,0.988178,1
2,2,0.989636,1
1,1,0.970664,1
2,2,0.992521,1
1,1,0.97308,1
1,1,0.957747,1
0,0,0.977185,1
1,1,0.975505,1
1,1,0.977083,1
0,0,0.987882,1
0,1,0.614276,0
0,0,0.973108,1
1,1,0.946028,1
2,2,0.992931,1
1,1,0.971774,1
2,2,0.992657,1
1,1,0.971716,1
2,2,0.991257,1
0,0,0.975975,1
0,0,0.97656,1
2,2,0.991837,1
1,1,0.98051,1
0,0,0.973784,1
0,0,0.976049,1
1,1,0.978728,1
2,2,0.98654,1
1,1,0.971581,1
0,0,0.998082,1
0,0,0.97578,1
1,1,0.744164,1
2,2,0.992474,1
1,1,0.630689,1
1,1,0.976391,1
2,2,0.989675,1
2,2,0.935534,1
2,2,0.992737,1
2,2,0.989855,1
0,0,0.998332,1
2,2,0.992781,1
1,1,0.979403,1
1,1,0.970664,1
1,1,0.977519,1
1,1,0.973409,1
1,0,0.736394,0
1,1,0.976698,1
1,1,0.952538,1
0,0,0.998159,1
1,1,0.751436,1
0,0,0.998197,1
2,2,0.986085,1
2,2,0.989799,1
0,0,0.998128,1
2,2,0.991257,1
1,1,0.736383,1
2,2,0.981275,1
0,0,0.998266,1
1,1,0.974298,1
2,2,0.992321,1
0,0,0.998264,1
2,2,0.988597,1
2,2,0.990375,1
1,1,0.973432,1
2,2,0.989818,1
1,1,0.975793,1
0,0,0.998124,1
1,1,0.980558,1
0,0,0.974069,1
2,2,0.991442,1
2,2,0.992696,1
0,0,0.974043,1
2,2,0.99272,1
0,0,0.773897,1
0,0,0.998123,1
0,0,0.970333,1
1,1,0.924575,1
0,0,0.976714,1
2,2,0.99022,1
1,1,0.977659,1
1,1,0.924575,1
1,1,0.91888,1
0,0,0.978024,1
0,0,0.974176,1
1,1,0.974298,1
1,1,0.96638,1
1,1,0.971535,1
2,2,0.991298,1
2,2,0.992347,1
0,0,0.691889,1
0,0,0.998227,1
2,2,0.965386,1
1,1,0.975256,1
1,1,0.980019,1
0,0,0.975416,1
1,1,0.974014,1
0,0,0.998105,1
2,2,0.9911,1
0,0,0.974245,1
0,0,0.976086,1
2,2,0.993072,1
1,1,0.971344,1
0,0,0.987885,1
2,2,0.987456,1
2,2,0.989411,1
1,1,0.951165,1
0,0,0.99826,1
2,2,0.979437,1
0,1,0.654354,0
0,0,0.982393,1
1,1,0.979737,1
2,2,0.989116,1
2,2,0.992781,1
0,0,0.998192,1
0,0,0.998195,1
1,1,0.977611,1
0,1,0.614668,0
0,1,0.505587,0
2,2,0.977677,1
1,1,0.972517,1
2,2,0.98969,1
1,1,0.630254,1
0,0,0.976286,1
2,2,0.988252,1
2,2,0.99115,1
2,2,0.992488,1
2,2,0.978236,1
2,2,0.992498,1
1,1,0.970634,1
1,1,0.98362,1
1,1,0.979245,1
1,1,0.955706,1
0,0,0.998417,1
2,2,0.99251,1
1,1,0.884837,1
2,2,0.992657,1
2,2,0.988597,1
0,0,0.998166,1
2,2,0.990598,1
0,0,0.998204,1
2,2,0.993019,1
0,0,0.998212,1
2,2,0.989755,1
1,1,0.922419,1
2,2,0.991033,1
2,2,0.988201,1
2,2,0.985105,1
0,0,0.976151,1
0,0,0.998131,1
0,0,0.998068,1
1,1,0.977512,1
0,0,0.998148,1
2,2,0.990983,1
0,0,0.976286,1
1,1,0.928474,1
1,1,0.841354,1
1,1,0.975793,1
0,0,0.98824,1
0,0,0.998182,1
0,0,0.998226,1
0,0,0.552444,1
0,0,0.998299,1
1,1,0.926363,1
0,0,0.971613,1
1,1,0.946151,1
0,0,0.998109,1
2,2,0.984889,1
2,2,0.988721,1
2,2,0.991329,1
0,1,0.610557,0
1,1,0.977268,1
2,2,0.992695,1
1,1,0.751436,1
0,0,0.998099,1
0,0,0.998113,1
1,1,0.977404,1
1,1,0.972818,1
0,0,0.973065,1
2,2,0.99073,1
1,1,0.915767,1
1,1,0.976253,1
0,0,0.976531,1
2,2,0.991671,1
2,2,0.988496,1
2,2,0.992311,1
0,0,0.998197,1
1,1,0.798718,1
0,0,0.998264,1
0,0,0.975282,1
1,1,0.973768,1
2,2,0.991307,1
0,0,0.998039,1
1,1,0.96701,1
1,1,0.976614,1
1,1,0.974576,1
1,1,0.972666,1
1,1,0.976788,1
0,0,0.97553,1
1,1,0.965019,1
1,1,0.973523,1
1,1,0.818246,1
1,0,0.689034,0
1,1,0.751436,1
2,2,0.989396,1
2,2,0.991298,1
1,1,0.973903,1
0,0,0.579821,1
2,2,0.992352,1
0,0,0.998196,1
0,0,0.65869,1
2,2,0.983048,1
0,0,0.975238,1
2,2,0.990779,1
2,2,0.991774,1
1,1,0.924011,1
1,1,0.947806,1
0,0,0.975811,1
0,0,0.998133,1
2,2,0.992921,1
1,1,0.977083,1
1,1,0.973419,1
0,1,0.545859,0
1,1,0.977133,1
2,2,0.992783,1
0,0,0.998119,1
2,2,0.992887,1
0,0,0.98882,1
2,2,0.965386,1
1,0,0.644373,0
1,1,0.914702,1
2,2,0.98969,1
0,0,0.977554,1
2,2,0.991092,1
0,0,0.998189,1
0,0,0.674623,1
0,0,0.9982,1
2,2,0.975574,1
0,0,0.975859,1
0,0,0.998159,1
1,1,0.91921,1
1,1,0.972141,1
0,0,0.97255,1
0,0,0.97523,1
2,2,0.985528,1
0,0,0.998153,1
1,1,0.909761,1
0,0,0.998107,1
2,2,0.99022,1
0,0,0.974835,1
0,0,0.976302,1
0,0,0.976099,1
0,0,0.98812,1
0,0,0.976921,1
0,0,0.97508,1
1,1,0.931793,1
2,2,0.989636,1
1,1,0.958573,1
0,0,0.973173,1
1,1,0.951165,1
2,2,0.987967,1
1,1,0.964791,1
0,0,0.998144,1
1,0,0.590955,0
2,2,0.985916,1
0,0,0.998174,1
0,0,0.998142,1
0,0,0.972474,1
1,1,0.974263,1
0,0,0.664942,1
1,1,0.976553,1
2,2,0.989801,1
2,2,0.966288,1
0,1,0.566979,0
1,1,0.977659,1
1,0,0.617518,0
1,1,0.970688,1
0,0,0.984121,1
0,0,0.99818,1
1,1,0.976935,1
2,2,0.988201,1
1,1,0.976299,1
2,2,0.99341,1
1,1,0.967361,1
1,1,0.841354,1
2,2,0.988178,1
0,0,0.987865,1
2,2,0.992695,1
2,2,0.971758,1
2,2,0.99115,1
0,0,0.9873,1
1,1,0.907951,1
0,0,0.764542,1
0,0,0.976,1
1,1,0.976281,1
2,2,0.989213,1
1,1,0.975411,1
0,0,0.99828,1
1,1,0.897964,1
1,1,0.984962,1
0,0,0.976594,1
2,2,0.987781,1
1,1,0.973626,1
0,0,0.976921,1
1,1,0.978661,1
1,1,0.974351,1
1,1,0.977659,1
1,1,0.804498,1
2,2,0.988806,1
1,1,0.973986,1
0,0,0.975094,1
2,2,0.991257,1
1,1,0.981006,1
2,2,0.990375,1
1,1,0.98812,1
0,0,0.99816,1
2,2,0.992555,1
0,0,0.977523,1
2,2,0.992879,1
0,0,0.863297,1
1,1,0.630689,1
1,1,0.948945,1
0,0,0.975561,1
1,1,0.972566,1
2,2,0.992474,1
1,1,0.975907,1
1,1,0.972797,1
2,2,0.992767,1
0,0,0.989835,1
0,0,0.97288,1
1,1,0.97556,1
0,0,0.977082,1
2,2,0.992352,1
0,1,0.598558,0
1,1,0.977512,1
2,2,0.987245,1
1,1,0.985063,1
2,2,0.991837,1
1,1,0.983081,1
0,0,0.984336,1
2,2,0.992737,1
0,0,0.974646,1
0,0,0.990926,1
0,0,0.619424,1
0,0,0.998018,1
1,1,0.979855,1
0,0,0.974767,1
1,1,0.976664,1
2,2,0.977687,1
2,2,0.991343,1
0,0,0.972738,1
2,2,0.991442,1
1,1,0.980733,1
2,2,0.990983,1
0,0,0.998181,1
0,0,0.974888,1
2,2,0.991092,1
2,2,0.987245,1
1,1,0.979675,1
0,0,0.998156,1
0,0,0.977815,1
2,2,0.980358,1
0,0,0.97434,1
2,2,0.985817,1
1,1,0.984391,1
1,1,0.973958,1
0,0,0.998147,1
2,2,0.981275,1
1,1,0.970747,1
1,1,0.975559,1
1,1,0.909822,1
0,0,0.974906,1
1,1,0.979622,1
0,0,0.980639,1
0,0,0.976389,1
0,0,0.713867,1
2,2,0.974054,1
0,0,0.99811,1
1,1,0.973387,1
0,0,0.977269,1
0,0,0.998207,1
1,1,0.973313,1
1,1,0.966848,1
1,1,0.962158,1
0,0,0.976257,1
2,2,0.991257,1
1,1,0.974256,1
0,0,0.690715,1
2,2,0.966288,1
0,0,0.987183,1
1,1,0.978389,1
1,1,0.956009,1
1,1,0.978159,1
2,2,0.989801,1
2,2,0.986892,1
0,1,0.544175,0
0,0,0.973883,1
0,0,0.975533,1
0,0,0.985457,1
2,2,0.985916,1
1,0,0.616969,0
2,2,0.993449,1
1,1,0.985869,1
0,0,0.977878,1
0,0,0.889564,1
0,0,0.990099,1
2,2,0.989801,1
2,2,0.98476,1
2,2,0.99251,1
0,0,0.9981,1
0,0,0.987899,1
0,0,0.990298,1
2,2,0.986085,1
2,2,0.984073,1
1,1,0.921254,1
2,2,0.986407,1
0,0,0.994909,1
1,1,0.974292,1
2,2,0.986316,1
2,2,0.991329,1
0,0,0.907817,1
2,2,0.987456,1
2,2,0.992311,1
1,1,0.975931,1
1,1,0.887908,1
2,2,0.991092,1
2,2,0.992474,1
0,0,0.976071,1
2,2,0.992783,1
0,0,0.973559,1
0,0,0.974253,1
0,0,0.990098,1
2,2,0.99341,1
2,2,0.99251,1
1,1,0.907895,1
0,0,0.998092,1
0,0,0.998083,1
1,1,0.894527,1
1,1,0.97061,1
2,2,0.978739,1
2,2,0.987456,1
0,0,0.998149,1
1,1,0.66342,1
0,0,0.998056,1
0,0,0.901894,1
2,2,0.977285,1
1,0,0.649381,0
1,1,0.545085,1
1,1,0.968296,1
1,1,0.973959,1
0,0,0.977433,1
1,1,0.973447,1
1,1,0.781731,1
2,2,0.989818,1
0,0,0.998137,1
0,0,0.974703,1
2,2,0.9911,1
0,0,0.998024,1
2,2,0.990779,1
2,2,0.935534,1
2,2,0.993019,1
0,0,0.998069,1
1,1,0.985063,1
2,2,0.981275,1
1,1,0.818225,1
2,2,0.993154,1
2,2,0.980358,1
2,2,0.991165,1
2,2,0.987549,1
0,0,0.976908,1
2,2,0.988451,1
1,1,0.972831,1
0,0,0.975398,1
1,1,0.894978,1
2,2,0.989396,1
0,0,0.977216,1
0,0,0.998421,1
1,1,0.974944,1
0,0,0.998285,1
2,2,0.989411,1
1,0,0.617518,0
0,0,0.972677,1
0,0,0.998261,1
1,1,0.815347,1
2,2,0.991298,1
2,2,0.992491,1
0,0,0.998389,1
2,2,0.99231,1
1,1,0.971781,1
1,1,0.972251,1
0,0,0.998276,1
1,1,0.974716,1
0,0,0.846836,1
1,0,0.709286,0
0,1,0.642214,0
0,0,0.998028,1
0,0,0.624993,1
0,0,0.843994,1
0,0,0.977116,1
0,0,0.975416,1
0,0,0.976562,1
0,0,0.998162,1
1,1,0.970454,1
2,2,0.98812,1
0,0,0.978483,1
1,1,0.973479,1
0,0,0.731398,1
1,1,0.974533,1
1,1,0.964535,1
2,2,0.991307,1
1,1,0.899492,1
2,2,0.969439,1
2,2,0.989213,1
2,2,0.991222,1
0,0,0.973653,1
0,0,0.998039,1
2,2,0.986316,1
2,2,0.989396,1
1,1,0.977845,1
1,1,0.978725,1
0,0,0.998135,1
2,2,0.991343,1
1,1,0.973222,1
2,2,0.99022,1
2,2,0.983048,1
0,0,0.973844,1
0,0,0.976139,1
2,2,0.984781,1
2,2,0.993422,1
1,1,0.979622,1
1,1,0.977564,1
1,1,0.974117,1
0,1,0.847385,0
0,0,0.985822,1
1,1,0.975054,1
2,2,0.987781,1
0,0,0.99812,1
2,2,0.99123,1
1,1,0.976231,1
1,1,0.976614,1
2,2,0.99276,1
1,1,0.840062,1
1,1,0.976337,1
0,0,0.976211,1
2,2,0.99022,1
1,1,0.983925,1
1,1,0.944458,1
1,1,0.976163,1
0,0,0.971527,1
1,1,0.977033,1
2,2,0.989675,1
2,2,0.987905,1
2,2,0.989622,1
0,0,0.786227,1
0,0,0.974562,1
2,2,0.986085,1
1,1,0.977466,1
2,2,0.977285,1
2,2,0.991329,1
1,1,0.947499,1
1,1,0.979644,1
2,2,0.983777,1
2,2,0.990983,1
1,1,0.9436,1
0,0,0.976789,1
2,2,0.986316,1
2,2,0.987549,1
0,0,0.998154,1
1,1,0.978457,1
1,1,0.975458,1
0,0,0.998172,1
2,2,0.992491,1
0,1,0.657952,0
0,0,0.983746,1
2,2,0.986891,1
0,0,0.986943,1
2,2,0.991222,1
0,0,0.987746,1
2,2,0.991298,1
2,2,0.985528,1
0,0,0.975154,1
2,2,0.989747,1
1,1,0.972623,1
1,1,0.973524,1
0,0,0.998148,1
1,1,0.964445,1
2,2,0.989818,1
0,0,0.974378,1
2,2,0.989801,1
0,0,0.669523,1
2,2,0.988191,1
0,0,0.998217,1
1,1,0.66342,1
0,0,0.998091,1
2,2,0.985811,1
2,2,0.990375,1
0,0,0.978732,1
1,1,0.976265,1
1,1,0.973218,1
1,1,0.967021,1
2,2,0.991107,1
2,2,0.990952,1
1,1,0.666362,1
0,0,0.998103,1
0,0,0.998165,1
2,2,0.986892,1
1,1,0.975459,1
0,0,0.99809,1
2,2,0.993182,1
1,1,0.984192,1
0,0,0.998338,1
2,2,0.993182,1
2,2,0.989116,1
2,2,0.990716,1
2,2,0.988978,1
0,0,0.703098,1
1,1,0.704574,1
2,2,0.991107,1
0,0,0.998182,1
2,2,0.984073,1
1,1,0.975264,1
2,2,0.975574,1
0,0,0.978312,1
0,0,0.986572,1
1,1,0.97692,1
1,1,0.97523,1
0,0,0.998191,1
2,2,0.991257,1
0,0,0.975213,1
2,2,0.993182,1
0,0,0.977188,1
0,0,0.998081,1
1,1,0.980558,1
0,0,0.998156,1
0,0,0.998053,1
2,2,0.99073,1
0,0,0.998197,1
1,1,0.9436,1
0,0,0.998125,1
2,2,0.99341,1
2,2,0.986553,1
1,1,0.975956,1
0,0,0.978709,1
1,1,0.973386,1
1,1,0.783609,1
1,1,0.956877,1
0,0,0.972145,1
1,1,0.9715,1
2,2,0.986784,1
1,1,0.945135,1
2,2,0.984111,1
2,2,0.988338,1
0,0,0.978306,1
0,0,0.998158,1
2,2,0.989396,1
2,2,0.988597,1
0,0,0.998066,1
1,1,0.97081,1
2,2,0.993422,1
1,1,0.971572,1
1,1,0.973708,1
0,0,0.998138,1
0,0,0.998144,1
1,1,0.975145,1
1,1,0.991625,1
2,2,0.98969,1
1,1,0.97533,1
2,2,0.990155,1
1,1,0.927013,1
2,2,0.993251,1
2,2,0.978739,1
